10000	2.033484	0.6095986538229418	2.0153076000000003	0.6208269041747363
20000	2.5462093999999995	0.5097970573584466	2.5379728	0.5183518889528048
30000	2.7722257	0.45565004689426375	2.7674476999999995	0.46658740508214674
40000	2.8050531000000003	0.4343134348256568	2.8011111	0.44487392555242705
50000	2.8125374	0.4310649552177222	2.8082650000000005	0.4430525879290975
60000	2.8131271	0.4312689231786701	2.8088252000000002	0.4430942230445523
70000	2.8137792	0.4315041671103462	2.8096316999999997	0.44324988273394234
80000	2.8143649999999996	0.43052882338208526	2.8098828999999994	0.44333995433831896
90000	2.8166079999999996	0.4249221645689266	2.8106777000000003	0.4425516877032546
100000	2.8204653	0.42018103966266973	2.8140951	0.4384171002821512
110000	2.8224845	0.41827064683498144	2.8164675999999997	0.43633993329470505
120000	2.8244209999999996	0.41514552953113887	2.8183996	0.43346443990309114
130000	2.8269708000000002	0.4114508485933261	2.8204134	0.4310616622678443
140000	2.8304324999999997	0.40739599188990305	2.8247028	0.42376575747619033
150000	2.8334702000000003	0.40389738963419075	2.8281322	0.41833422282326505
160000	2.8365681000000005	0.40128114147925875	2.8327905	0.4111112345179792
170000	2.8404053000000005	0.3944637616069835	2.8371825999999998	0.4030225964266402
180000	2.8453357	0.38633114828038606	2.8424321	0.39393442630953424
190000	2.8511337999999995	0.376216742895894	2.8486988	0.3832904274441645
200000	2.8580811	0.36536193830056896	2.8550169	0.37571642763976715
210000	2.8625160999999997	0.3564654624458122	2.8588511	0.3699126643385274
220000	2.8717618000000003	0.3342702670178312	2.8672556	0.35016073253185775
230000	2.8802516	0.3222827213952835	2.8766154999999998	0.33517926724506836
240000	2.8873607000000003	0.30620978403269117	2.8836805000000005	0.32179757579810875
250000	2.8945119	0.2936349546204691	2.8913007	0.3073146745254588
260000	2.8987903	0.2869935029345379	2.8946975000000004	0.3052053603981519
270000	2.9004925000000004	0.28547804435290214	2.8960274	0.30511487350713545
280000	2.9038577	0.27617500385346877	2.8995607	0.2948231647343437
290000	2.9085023000000003	0.2667071568823046	2.9045887	0.2848123060754258
300000	2.91318	0.25316301513497624	2.9086809000000002	0.2764890012152075
310000	2.9175164999999996	0.2403897347690461	2.9117421	0.27147792746868515
320000	2.9216080999999994	0.23163549409906184	2.9162131	0.2598106893734411
330000	2.9257819	0.21940783714669673	2.9214347000000003	0.24434214636529736
340000	2.9288339	0.2156245945307644	2.9256333999999997	0.23481279627340101
350000	2.9317556999999996	0.20871243990256086	2.9297457	0.21927319333385198
360000	2.9351100000000003	0.1988694350879798	2.9339456999999998	0.20617158102496166
370000	2.9375132999999995	0.19667633587751274	2.9363667	0.20374036988144845
380000	2.9383104999999996	0.19521255256881004	2.9375383999999998	0.19814248658586686
390000	2.9397018	0.19343512603646926	2.9396859	0.1906784010416854
400000	2.9413327	0.1902182535002219	2.9422949	0.17748455609331662
410000	2.9426199	0.1868878951118272	2.9441225999999996	0.1730522302185777
420000	2.9445388	0.1775263583315516	2.9455645999999995	0.17053875962776138
430000	2.9472358999999995	0.16850219734977256	2.9471122	0.1682884236800164
440000	2.9481418999999995	0.16848228576026916	2.9478625000000003	0.1684603011299897
450000	2.94867	0.16840352712442797	2.9483526	0.16841710695518777
460000	2.9491871	0.16846872699574117	2.9488867	0.1684886494043088
470000	2.9494969	0.1685441831154432	2.9492567	0.1685041918700772
480000	2.9497739000000003	0.168586313364531	2.9494813	0.16853660892773076
490000	2.9503359000000002	0.16850928835364373	2.9500617	0.16849360854118245
500000	2.9507982999999998	0.16847187242655348	2.9506514	0.16848347313240775
510000	2.9512102	0.1685194892414946	2.9510627	0.16858296620716223
520000	2.9515619	0.16850831424698418	2.9514484	0.16852437177251642
530000	2.9521274999999996	0.16859908269155688	2.9519208	0.16857476910896285
540000	2.9524508000000003	0.1686481797942329	2.952355	0.16859245401426054
550000	2.9528895000000004	0.16863340922384407	2.9527970999999997	0.16863096549600287
560000	2.9531993	0.16869422346524063	2.9531769999999997	0.16865393354529357
570000	2.9535193	0.16870741717577245	2.9535086	0.16878444458768935
580000	2.9538886000000004	0.1687369313518592	2.9537606	0.16871938673163528
590000	2.9542755	0.16874289174143978	2.954175	0.16876664354953255
600000	2.9547044999999996	0.16883601804929166	2.9545448999999997	0.16883083469773744
610000	2.9550149	0.16884187533564313	2.9548858	0.1688234267742122
620000	2.9552476999999997	0.16873058598059615	2.9551084	0.16880073055551648
630000	2.9557533	0.16879192351102748	2.9555157	0.16880677495521554
640000	2.9559538	0.168796801408456	2.9556976999999995	0.1687425747736808
650000	2.9562847000000003	0.16881909294286607	2.9560922	0.1688218636931272
660000	2.956642	0.16878121920390302	2.9564858	0.1687991497944564
670000	2.9569006	0.16890612925569085	2.9568362	0.16890529733856494
680000	2.9571625	0.16879304000492468	2.9570411	0.16884247570558894
690000	2.9574399999999996	0.1688877541253169	2.9573336	0.1688584176647888
700000	2.9577164	0.16891836763941917	2.9576089	0.16888593129262894
710000	2.9580303000000003	0.16897196909028506	2.9578953	0.16896137290352325
720000	2.9581277	0.16892948212980066	2.9580276999999997	0.1689404529985917
730000	2.9584797	0.16898487656123673	2.9583798000000003	0.1689970083782574
740000	2.9586699	0.16896214028248707	2.9586216	0.16896468150781405
750000	2.9588593999999997	0.16905431610412505	2.9588098	0.16901946077917204
760000	2.9592774	0.16887239868100495	2.9592423	0.16885758657891345
770000	2.9593925000000003	0.1689949708539397	2.9592808	0.16898117957456213
780000	2.9595230000000003	0.1689931087998023	2.9594437000000005	0.16897621786071704
790000	2.959804	0.16897140402854968	2.9597179999999996	0.16894751415317877
800000	2.9600451999999997	0.16895143469128707	2.9600075	0.1689691108877128
810000	2.9603074	0.16900995162708318	2.9602019	0.16901766220287903
820000	2.9605675000000002	0.1690065602014938	2.9604413000000003	0.1690222614011514
830000	2.9607004	0.16907397217758832	2.960642	0.1690637270374689
840000	2.9609895	0.16910461202923935	2.9609034000000003	0.16907579552695612
850000	2.9611714999999994	0.16901654543381361	2.9611177	0.1690289844206735
860000	2.9614189	0.16901870652666215	2.9613611	0.16902570107653572
870000	2.9615109000000004	0.16902218152964135	2.9614758	0.1690326249060892
880000	2.9617357	0.16906441077441609	2.9616625999999995	0.16904829288273385
890000	2.9618486999999996	0.1691163061425873	2.9617799999999996	0.16909825096220976
900000	2.9621371	0.16910337336811018	2.9621450000000005	0.16911418806121384
910000	2.9623623	0.16907457502720694	2.9623056	0.1690974497624259
920000	2.962477	0.16917565058764145	2.9624210000000004	0.16917769117170914
930000	2.9626636	0.16913417592108493	2.9625935	0.16914240077369566
940000	2.9629333	0.16921171190125864	2.9628769999999998	0.16919147782074356
950000	2.9631841	0.16917647222928472	2.9630945	0.16915870183397647
960000	2.9632385000000006	0.16914476906085701	2.9631781	0.16917454725173
970000	2.9634053999999996	0.16911217637721726	2.9632953	0.16911782001005973
980000	2.9636747000000003	0.1691372633211078	2.9635447	0.16916722153168665
990000	2.9637495	0.16916725013509046	2.9636930999999995	0.1691871693736575
1000000	2.9638504999999995	0.16918844248003118	2.9637808000000003	0.1692035849635714
1010000	2.9641090000000005	0.1692452567605247	2.9640182	0.16926566525493053
1020000	2.9642075	0.16923114818278953	2.9641234	0.1692022491385784
1030000	2.9644692	0.16915136208335615	2.9643501000000003	0.16910729249907103
1040000	2.9645716	0.169231963384199	2.9644928	0.16918563522748414
1050000	2.9647355	0.1692359564593432	2.9646630999999997	0.16927912355060223
1060000	2.9649441	0.16919931907299382	2.9648607	0.1692089285676646
1070000	2.9650787	0.1692211427436343	2.9650348	0.16921071572236576
1080000	2.9650662000000003	0.16924308694903917	2.9650043999999998	0.1692374492684018
1090000	2.9653166	0.16921718198551564	2.9652478	0.16924328561241325
1100000	2.9654350999999997	0.16930710721805078	2.9654026000000004	0.16933326527285764
1110000	2.9656149999999997	0.169204087534073	2.9655803	0.16922149910004836
1120000	2.9657446	0.16925666045372617	2.9656841	0.16924598896863693
1130000	2.9657727	0.16928988158988922	2.9657307	0.16927671131169372
1140000	2.9659737	0.16932720005654434	2.9659218000000003	0.1693136254071376
1150000	2.9660635	0.1692351758426495	2.9660230999999997	0.1692736350407526
1160000	2.9661705	0.16927797976755332	2.9661405	0.16926074946974878
1170000	2.9663397999999996	0.16928891568243012	2.9662828999999995	0.16929487201708526
1180000	2.9664222	0.16935568214333474	2.9663337000000003	0.16932582469670485
1190000	2.9665721	0.16928183562172716	2.9665497999999997	0.16924207159792967
1200000	2.9666878	0.16933013661580246	2.9666618	0.16932053946832865
1210000	2.9668844	0.16936615911241684	2.9668585000000003	0.16938678192125747
1220000	2.9669513000000003	0.16931433093796572	2.9668633	0.1693423001430172
1230000	2.9670248000000004	0.16934255982335783	2.9670352	0.16931006266101928
1240000	2.9672853999999997	0.16934351257751828	2.9672537	0.16932955159496926
1250000	2.9672935	0.16935291198130178	2.9672492000000004	0.1693525869837189
1260000	2.9673946	0.1693167594654347	2.9673521000000003	0.16932495887283505
1270000	2.9675299999999996	0.1693466010030059	2.9675155000000006	0.16936133641425372
1280000	2.967612	0.1693617060716013	2.9675577	0.16933747293629503
1290000	2.9676419999999997	0.16937536039432863	2.9675892000000004	0.16940033452356784
1300000	2.967834	0.1693559341045256	2.9677613999999997	0.169331808740979
1310000	2.9678281	0.16929874502032038	2.9678117000000004	0.1692971798590225
1320000	2.9679718	0.1693902371366107	2.9679386	0.16943355393557452
1330000	2.9681699	0.16941637616388358	2.9681395	0.16938150053200166
1340000	2.9682339999999994	0.16940400987746	2.9681770999999997	0.16937443604385868
1350000	2.9683435	0.16941245396164742	2.9683115	0.16941475442465678
1360000	2.9684681	0.16938323249909312	2.9683999000000005	0.16936351061760238
1370000	2.968497	0.1694196513077785	2.9684861999999996	0.1694177130380736
1380000	2.968706	0.16938838274276136	2.9686291000000002	0.16939190252143058
1390000	2.9687336999999996	0.16941309119952855	2.9687057999999995	0.16941497649446643
1400000	2.9687898	0.16938583818648517	2.9687732999999996	0.16935495031532533
1410000	2.9689219000000002	0.1694118029813135	2.9688638000000003	0.1694026559691713
1420000	2.9689692	0.16939485520029327	2.9689167	0.1693941547124952
1430000	2.9690517	0.16937999663587897	2.9689878	0.16940509330240577
1440000	2.9691894000000003	0.16945666882790494	2.9691456	0.1694629563480297
1450000	2.9692507	0.16943155021931341	2.9691430999999997	0.16943436805284656
1460000	2.9693066	0.16939671497252679	2.969317	0.1694073660342627
1470000	2.9695621	0.1693881066198399	2.9695249999999995	0.16940568550459362
1480000	2.9695675	0.1694314238892867	2.9695064	0.16944380053746605
1490000	2.9696606999999995	0.16949701030405231	2.9695701000000003	0.16947006614535
1500000	2.9696416	0.16943900201796766	2.9696195	0.16943475749325104
1510000	2.9697337999999998	0.16945800315238108	2.9696697999999997	0.16943877362034335
1520000	2.9697996000000004	0.16948674448580453	2.9697789	0.1695085271175334
1530000	2.9699926999999997	0.1694178866502207	2.9699569	0.1694333568539702
1540000	2.9700102000000004	0.16944090573558823	2.9699784	0.16942099895918547
1550000	2.9700089	0.16937315784204823	2.9700295	0.16938102039431638
1560000	2.9701829	0.16949213805499197	2.9701068999999998	0.16953733101886143
1570000	2.9703321999999996	0.1694902763492258	2.9702992999999998	0.16947023871854702
1580000	2.9704296999999995	0.16947236137252344	2.9703743	0.16946252706007775
1590000	2.970468	0.1695038998018867	2.9704338	0.1694762725118313
1600000	2.9704721	0.169487461929611	2.9704363000000003	0.16949900030210627
1610000	2.9706104	0.16945521414651554	2.9706121000000003	0.16947199521086295
1620000	2.9706577000000003	0.16949223509786066	2.9706287000000002	0.16946875294441313
1630000	2.9707291999999996	0.16948486861088233	2.9707083999999995	0.16947501464826617
1640000	2.970821	0.1694975459913715	2.9707657	0.1694845547765867
1650000	2.9708763	0.1694806279536442	2.9708433000000003	0.16946738467793612
1660000	2.9709591	0.16947287922845938	2.970948	0.16947212495610342
1670000	2.97105	0.16947973731795007	2.9710113000000002	0.16946781169741795
1680000	2.9710290999999995	0.16946667535904295	2.9710076	0.16947893158292712
1690000	2.9711378999999996	0.16946905479798996	2.9710986	0.16948256907204134
1700000	2.9712117	0.16947398084453347	2.9711778000000004	0.1694729089088106
1710000	2.971264	0.16946176812146996	2.9712557	0.16947286650077642
1720000	2.9712696000000003	0.16950073313816189	2.9712438	0.1694833419683621
1730000	2.9714228999999994	0.16949816161947712	2.9713734	0.16950609431064256
1740000	2.9714137999999997	0.16953101531789017	2.9714164	0.16952722657907077
1750000	2.9714946	0.16950483462072638	2.9714682000000003	0.16949829356155854
1760000	2.9716162999999995	0.16948147395607677	2.9715592	0.16950420109705114
1770000	2.9716340999999997	0.1695061580734305	2.9715669000000005	0.16953694266831437
1780000	2.9716992	0.1694645825064461	2.9717106	0.1694823324380705
1790000	2.971745	0.16951719084798741	2.9716956999999997	0.16949059470425845
1800000	2.9718274	0.16956829330784495	2.9718179	0.16955284508632368
1810000	2.9719256	0.16948855724111783	2.9718805	0.16951743913804834
1820000	2.9719467000000006	0.1695210637654512	2.9719230000000003	0.16954312785602135
1830000	2.9719983	0.16955915992899298	2.9719805999999998	0.1695669514223059
1840000	2.9719001	0.1695456794713962	2.9718697	0.16952676956017154
1850000	2.972063	0.16954661077185892	2.9720308	0.1695393782935167
1860000	2.9721685000000004	0.16954870799310778	2.9721218	0.16953714887778906
1870000	2.9722155	0.16950836579893577	2.9722106999999998	0.16952508159207239
1880000	2.9722014999999997	0.1695344347095961	2.9721542	0.16954566669618973
1890000	2.9723085	0.169543616912539	2.9722853999999996	0.1695478060175518
1900000	2.9724029	0.16955570535611242	2.9723833	0.16951245371085005
1910000	2.9723865	0.1695401121781727	2.9724159	0.16955498037084774
1920000	2.9724187999999994	0.1695420857055421	2.9723539	0.16952544635467487
1930000	2.9725249000000002	0.16952030026575635	2.9725151000000007	0.169526633368953
1940000	2.9725679	0.16954768968838435	2.9725381000000004	0.16952727094477743
1950000	2.9725699000000003	0.16958141407592398	2.9725823	0.169573682836166
1960000	2.9726537	0.1695612217880145	2.9726599000000005	0.1695447901229874
1970000	2.9727896	0.169517583521483	2.9727417999999997	0.16951885787703955
1980000	2.9727531	0.1695754903791445	2.9727357000000003	0.16955405371928634
1990000	2.9728364000000003	0.16955221493283015	2.9727787	0.16956562959234708
2000000	2.9728729000000005	0.1695808216475574	2.9728754	0.16956812673508087
2010000	2.9728932	0.1695111789633756	2.9729151000000003	0.16952317194949432
2020000	2.9729345999999994	0.16954075082123776	2.9729508	0.16954939042991324
2030000	2.9729839	0.16952957726709034	2.9729687	0.16954856905199045
2040000	2.9730084999999997	0.1695456861658457	2.9730317	0.16953439903915538
2050000	2.9731568999999998	0.16953548186737194	2.9731392	0.16955572974349423
2060000	2.9731922	0.16954001981089148	2.9731993	0.1695488003059744
2070000	2.9732074	0.16958087350257958	2.9731864999999997	0.16956712782431796
2080000	2.9733125	0.16960571603770513	2.9732988999999996	0.169602726492305
2090000	2.9733024	0.16952999904092145	2.9733237	0.16953706156340434
2100000	2.9733609	0.1695511194398117	2.9733333	0.16954453317591764
2110000	2.9733643	0.1695900044965361	2.9733494	0.16958416195985881
2120000	2.9734052999999996	0.16960975777307694	2.9734062	0.1695917138629449
2130000	2.9734573	0.16954320725359606	2.9734355	0.16952727576109095
2140000	2.9735319999999996	0.1695843382030421	2.9735189	0.16955640432327243
2150000	2.9735964000000004	0.16954374393692073	2.9735603999999998	0.16956151603344305
2160000	2.9735358	0.16954162858183883	2.9735322	0.16953307307432972
2170000	2.9736956	0.16951661742798027	2.9736676	0.16953469492414533
2180000	2.9736333	0.1695847339329018	2.9736081000000003	0.16957228359538523
2190000	2.973799	0.1696023330924147	2.9737886000000002	0.16960129607308333
2200000	2.9738187	0.16957239090154405	2.9738133	0.16957067537477422
2210000	2.9738424	0.1695854306257484	2.9738409000000003	0.16959673153848967
2220000	2.9737891	0.16958288104857383	2.9738039	0.1695816990345286
2230000	2.9738699	0.16957111194421057	2.9738317	0.16955808925185709
2240000	2.9739397000000003	0.1695759884233607	2.973938	0.16958585654098263
2250000	2.9739989999999996	0.16959442876836867	2.9739801	0.16959808290105674
2260000	2.9739372000000004	0.1695502234573415	2.9739492	0.1695521984149641
2270000	2.9740108	0.16958110642113117	2.9739863000000004	0.169586329594975
2280000	2.9740384	0.16960349834862515	2.9740325000000003	0.16959027269965793
2290000	2.9740552000000005	0.16962042288834447	2.9740604	0.1696120470908784
2300000	2.9741324999999996	0.16962314525192354	2.9741234999999997	0.16959539473601773
2310000	2.9741169	0.1695846267502453	2.9741210999999996	0.16957931379876043
2320000	2.9741319	0.16960536575380653	2.9741174999999997	0.16960643816676776
2330000	2.9741385	0.16956642173239705	2.9741337	0.16959830269961013
2340000	2.9742392	0.1696247704969004	2.9742382	0.16960299028930792
2350000	2.9741253	0.1695631784952482	2.9741397	0.16954779724154323
2360000	2.9741375	0.16960307215919124	2.9741653	0.16961029077460674
2370000	2.9741581999999998	0.16960541686570682	2.9741698000000003	0.16961843083827902
2380000	2.9741003	0.16957054402020802	2.9741238999999995	0.16958566548127446
2390000	2.9740987	0.1696283382027644	2.97407	0.16962281851378533
2400000	2.9741792	0.16959026618808562	2.9741425000000006	0.16958404167533261
2410000	2.9741363	0.16962798025088313	2.9741359	0.16961638853734165
2420000	2.9741618	0.16958986096374307	2.9741893	0.16958997002607037
2430000	2.9741503	0.1695879744586596	2.9741698999999997	0.16959315529322613
2440000	2.9741066000000003	0.16959072755109966	2.9741146	0.16958255626753074
2450000	2.9741629	0.16959502990287706	2.9741717000000003	0.16958274681443017
2460000	2.9741852	0.1696077778855654	2.9741655999999996	0.1696178931195241
2470000	2.974139	0.16957560740161193	2.9741563	0.16958732653601102
2480000	2.974158	0.16961125190497467	2.974179	0.16961269027906994
2490000	2.9741558	0.16961194609643102	2.9741661999999995	0.16959279770849525
2500000	2.9741567000000004	0.16960090348100026	2.9741542	0.16961515393031013
2510000	2.9741695	0.16961510369997462	2.9742077	0.16960447384505592
2520000	2.9741896999999997	0.16959582998841527	2.9741821	0.16962689985596255
2530000	2.9741464	0.169602258396205	2.9741725999999997	0.16960663040788918
2540000	2.9741756	0.16961781300066076	2.9741785	0.16959974363421307
2550000	2.9741577	0.1695608288355108	2.974161	0.16957138182055523
2560000	2.9741212	0.169605800366845	2.9741393	0.1696055648058846
2570000	2.9741605	0.1695964618428687	2.9741828	0.16960226541114534
2580000	2.9741662	0.16960424357013298	2.9741764999999996	0.16960766987205925
2590000	2.9741400999999996	0.1695778422630049	2.9741350999999994	0.16958203148739961
2600000	2.9742014	0.16962169176245223	2.9741782000000003	0.16961179258808906
2610000	2.9742033	0.16960051424905392	2.9742303000000003	0.16958570489051608
2620000	2.9741619	0.16958688059062368	2.9741684999999998	0.16958290597742967
2630000	2.9741891999999996	0.1696174503487858	2.9741907000000003	0.16963053316337626
2640000	2.9741978000000002	0.16960105723070765	2.9742247	0.16960162638247778
2650000	2.9742514	0.16956329245502458	2.9742752	0.16957446099806064
2660000	2.9741562	0.16962055374810509	2.9741898	0.16962864000949684
2670000	2.9741639999999996	0.16959802644657918	2.9741693999999996	0.16960277032921173
2680000	2.9742157	0.16959929907212398	2.9742119000000002	0.1695831044582794
2690000	2.9741822	0.16961094125838272	2.9741839	0.1696182343269915
2700000	2.9741885000000003	0.1695715818146104	2.9741944000000005	0.16958421699938736
2710000	2.9741981	0.169646099647223	2.9742094	0.1696437563121487
2720000	2.9741822	0.16961372603424293	2.9741715999999996	0.16963011150196233
2730000	2.9741801	0.16959643606253968	2.9741893	0.16961520873596372
2740000	2.9742089000000003	0.16963070230932828	2.9741976999999995	0.16962397890312836
2750000	2.9741922000000005	0.16957979816920146	2.9742051000000003	0.16960033047162992
2760000	2.9741536	0.16961184523813505	2.9741798	0.1696225632571502
2770000	2.9741933	0.1695971849124868	2.9742084999999996	0.16956754604115856
2780000	2.9742335000000004	0.16957142181053045	2.9742403	0.16957663990866403
2790000	2.9741124	0.16961011236496618	2.9741049000000004	0.16961764929671364
2800000	2.9741596	0.16960136830807696	2.974151	0.1696140807698329
2810000	2.974202	0.16961325942795208	2.9741875	0.16960194997459546
2820000	2.9741864000000007	0.16960345458405865	2.974183	0.1695964977912665
2830000	2.974216	0.16959394060133365	2.9742203	0.16960701742047193
2840000	2.9742308999999993	0.16958261413897419	2.9742420000000003	0.1695771386772461
2850000	2.9741832999999995	0.16959764943478375	2.9741894	0.16959866070624896
2860000	2.9741782000000003	0.16963814112304956	2.9741756	0.1696384510915162
2870000	2.9742055	0.16960158306079198	2.9742305	0.16958127015368454
2880000	2.9742002000000003	0.1696264266692681	2.9742109	0.1696057434151019
2890000	2.9742295999999997	0.16959702731921783	2.9741998	0.16958562977382777
2900000	2.9741448	0.1696012852218665	2.9741559000000004	0.1695830402272666
2910000	2.9742356	0.1695946954753402	2.9742568	0.16957815184552325
2920000	2.9741413000000003	0.16962373352595822	2.9742011	0.16963992393473473
2930000	2.9742082	0.16959313070623686	2.9742019999999996	0.16960558844457818
2940000	2.9742319	0.16959793115082697	2.9742362	0.16959957230041733
2950000	2.9742356	0.16961613905306083	2.9742759999999997	0.16961462898690774
2960000	2.9741831	0.16958843215476316	2.9742052000000005	0.169613530069221
2970000	2.9742094	0.16958910819170334	2.9742461000000002	0.16957606371825057
2980000	2.9742366000000002	0.16962331027257968	2.9742546	0.16960880739627404
2990000	2.9742324000000004	0.16964909043117246	2.974251	0.16962309770274292
3000000	2.9741599	0.16960456311614913	2.9742155	0.16959591582468728
3010000	2.9742308000000004	0.16959865983190073	2.9742682	0.16960945786410897
3020000	2.9742241999999997	0.16960654384213505	2.9742568	0.1696042188886374
3030000	2.9742720000000005	0.16960114027559717	2.9742645000000003	0.16959648037593794
3040000	2.9742561	0.16963996640235163	2.9742741	0.16962853409367412
3050000	2.9742672000000003	0.1696088035167703	2.9743101	0.1696020596768702
3060000	2.97423	0.16958689747676792	2.9742716999999996	0.169600575601483
3070000	2.9742334	0.16961077825580703	2.9742842	0.16959610959792312
3080000	2.9742533999999994	0.16964426800250607	2.9742945	0.16962604963998443
3090000	2.9742100000000002	0.16959143001087387	2.9742083	0.16960576628483795
3100000	2.9742322	0.16959365114788252	2.9742797	0.16961920278041007
3110000	2.9742371	0.16958344116424545	2.9742432999999995	0.1696125330465779
3120000	2.9742093000000005	0.1696144656875718	2.9742186	0.16959780514366793
3130000	2.9742241	0.1695985884681839	2.9742356	0.1696055682500472
3140000	2.974263	0.16961594040136158	2.9742839999999995	0.16962496789604334
3150000	2.9741784	0.16965271986855618	2.9742099	0.1696482600090968
3160000	2.9742264	0.1696060072660775	2.9742228	0.16961043806576545
3170000	2.9741874	0.1696183241785425	2.9742396	0.16961805055746546
3180000	2.9742568	0.1696171644505244	2.9742782	0.16961732836842716
3190000	2.9742895	0.16961759244670765	2.9742875	0.1696203716663604
3200000	2.9741976999999995	0.16960461913385952	2.9742079999999995	0.16960825332393348
3210000	2.9742507000000002	0.16962629648721914	2.9742858000000005	0.1696214974310472
3220000	2.9743104000000002	0.16963487289452586	2.9743197	0.1696541967898183
3230000	2.9742666	0.16964011953130248	2.9742795	0.1696464600017965
3240000	2.9742971	0.16958578731972457	2.9743051	0.16958837495804632
3250000	2.9742455	0.16963027952426854	2.9742523000000003	0.16959899591130875
3260000	2.9742395999999998	0.1695644290747545	2.974283399999999	0.16957349219053577
3270000	2.9742512	0.16960365549869058	2.9742471999999998	0.16959525867170913
3280000	2.9742651999999996	0.1696255338405474	2.9742973999999998	0.16962187935285705
3290000	2.9742742	0.16961726961754958	2.9743016	0.16961199989372197
3300000	2.9742443000000005	0.16961769816573105	2.9742526000000002	0.16962278780689635
3310000	2.9743418000000004	0.16963120785822236	2.9743705	0.16962920422697467
3320000	2.9742387	0.16965647382702914	2.9742669	0.16964774555520024
3330000	2.9743025000000003	0.16962116549397227	2.9743123000000007	0.169613170615835
3340000	2.9742325000000003	0.1696200756508905	2.9742602	0.16961059309267582
3350000	2.9742312	0.16962986953717554	2.9742798	0.16961616242125782
3360000	2.9742892000000003	0.16959712789180464	2.9743184	0.1695999389762294
3370000	2.9743128000000003	0.1695809716982484	2.9743314	0.16958659725346223
3380000	2.9743380999999998	0.16961846834349495	2.9743763	0.1696363727721071
3390000	2.9742672000000003	0.16961468658717638	2.9742966	0.1696146985800889
3400000	2.9742957000000003	0.16958865056928754	2.9742938999999997	0.1695898741027547
3410000	2.9743122000000004	0.16960308841161695	2.9743320000000004	0.16959790460157592
3420000	2.9743636	0.16962035219548072	2.9743649	0.16964428354922817
3430000	2.9743194	0.1696417064055658	2.9743206	0.16965738228265517
3440000	2.9742955	0.16962656183578748	2.9743076	0.16962979210212045
3450000	2.974281	0.16964125257016224	2.9743299000000003	0.16963953981740065
3460000	2.9742496000000003	0.169647834196277	2.9742835999999997	0.16964511940394153
3470000	2.97431	0.16962947709493034	2.9743318	0.16960930848949973
3480000	2.9743356999999997	0.1695646481003496	2.9743571	0.1695811179499509
3490000	2.9742857999999996	0.16960255229242308	2.9743155000000003	0.1696166390245485
3500000	2.9743224	0.16962250727192194	2.9743662	0.16963236624311187
3510000	2.9743177	0.1696349908681485	2.9743148	0.16962904366120035
3520000	2.9743083	0.16968675356504834	2.9743262999999995	0.16966984002150448
3530000	2.9742655000000005	0.16962342215948567	2.9742905	0.1696060611408853
3540000	2.9744032	0.16960326316623933	2.974406	0.1695934414987779
3550000	2.974214800000001	0.16962964191548707	2.9742479000000004	0.16961454031974346
3560000	2.9743485	0.1696296120464615	2.9743047000000007	0.1696263505080997
3570000	2.9743154	0.16961606861843476	2.9743243	0.16961720985026074
3580000	2.9743604	0.16960804509456737	2.9743684	0.1696299197993418
3590000	2.9742734	0.16960135002519988	2.9743023999999996	0.16960361234230703
3600000	2.974344	0.16964284511555122	2.9743683	0.16966663269883495
3610000	2.974299	0.16961836359388766	2.9743314	0.16962397503580368
3620000	2.9743224	0.1696076292096736	2.9743365	0.16961715873781252
3630000	2.9743288	0.1696138922464873	2.9743403	0.16962009309598874
3640000	2.9743994000000002	0.16961480797006706	2.9743795	0.16960734648514414
3650000	2.9742741	0.16962743270212843	2.9742722999999995	0.1696257698715455
3660000	2.9743333	0.16958906483621525	2.9743397	0.16959209560826471
3670000	2.9742663	0.1695902189888517	2.9742726000000004	0.16958414504749994
3680000	2.9743515	0.16963146509920177	2.974332	0.1696249260915139
3690000	2.9743090000000003	0.1696188063230562	2.9743181	0.16962623724752238
3700000	2.9742963	0.1696209952167724	2.9742939	0.16962980434850863
3710000	2.9743609	0.16962544836764298	2.9743631	0.1696445283951251
3720000	2.9743276	0.16961749294265657	2.9743379000000005	0.16960979693639988
3730000	2.9743216	0.1695850087969118	2.9743010000000005	0.16959222453173264
3740000	2.9743504	0.16958828292528216	2.9743679000000003	0.16961075392626918
3750000	2.9743048	0.16960881447291265	2.9743259	0.1696365123005525
3760000	2.9743792000000004	0.1696067545782259	2.9743598	0.16960554467571143
3770000	2.974297	0.16960005309258902	2.9743124	0.1695910851501411
3780000	2.9743922	0.16959565190270742	2.9743834	0.16959420225313682
3790000	2.974326	0.16962455203375673	2.9743314	0.1696258341103667
3800000	2.9743000000000004	0.1696157018861353	2.9743016	0.1696357686086028
3810000	2.9743038	0.16963260183456824	2.9742965999999997	0.16965073173794215
3820000	2.9743052	0.16961047894374784	2.974291	0.16963132465822844
3830000	2.9743532	0.16962272813411433	2.9743546000000003	0.16964108971047717
3840000	2.9743221999999996	0.16963022826578258	2.9743355	0.1696392135460505
3850000	2.974284	0.16963267777574392	2.9742945	0.16961076083179374
3860000	2.9743423	0.16961125522384596	2.9743913	0.16960277767921877
3870000	2.9743282000000004	0.16961106862277403	2.9743187	0.1696095662551947
3880000	2.9743539	0.16963983912928532	2.9743473	0.16964054122153682
3890000	2.9743117999999997	0.16963619690402182	2.9743441	0.16962954780544184
3900000	2.9743621000000005	0.16962118765322595	2.9743865	0.16960886408004897
3910000	2.9743481000000003	0.1696332437754575	2.9743696	0.169641359422361
3920000	2.9743310000000003	0.1696373782487194	2.9743573000000003	0.16965490353362322
3930000	2.9743589999999998	0.1696066205805208	2.9743758000000002	0.16962076901028258
3940000	2.9742923000000006	0.16962333603262505	2.9743284999999995	0.1696085713200109
3950000	2.9743792	0.16961644633179362	2.9743904000000003	0.16962881011508943
3960000	2.9743977000000004	0.1695802021748992	2.9744232000000004	0.1696090762916906
3970000	2.9744314	0.16967467138069886	2.9744264	0.16966901024075104
3980000	2.9742963	0.169599062728508	2.9743161	0.16960159153333626
3990000	2.9743318	0.16962968773100928	2.9743688	0.16964722186480521
4000000	2.9743727	0.16964463913810626	2.9743606	0.16965364371703448
4010000	2.9743724	0.16962429537014978	2.9743711	0.16961030714871395
4020000	2.9743558	0.16966310652606853	2.9743616000000004	0.16962243535575125
4030000	2.9743717999999997	0.16962530462383474	2.974357	0.16961322459335815
4040000	2.974325	0.16960221309194548	2.9743273	0.16958812174131108
4050000	2.9743627	0.16965705666309783	2.9743946	0.16965793806004711
4060000	2.974411	0.16962606716440035	2.9743949	0.16961710381295836
4070000	2.9743475	0.16962098759641503	2.9743413999999997	0.1696066547142634
4080000	2.9743449	0.16961040452552817	2.9743467	0.16962955814393346
4090000	2.9743781	0.1696332216881183	2.9743858	0.16961693595665298
4100000	2.9743808	0.16962247898417454	2.9744128	0.16962122342323674
4110000	2.9744242999999995	0.16959335153358576	2.9744431000000002	0.1696139538060348
4120000	2.974364	0.16964233795496578	2.9743975000000002	0.16962860981868308
4130000	2.9744497	0.16962295453922685	2.9744645	0.16963482520895784
4140000	2.9743573	0.16961334285009178	2.9743810999999996	0.16961235451344217
4150000	2.9743433999999995	0.1696273841273451	2.9743581000000003	0.16961233433435302
4160000	2.9744389	0.16962751442628768	2.9744375	0.16962466309496413
4170000	2.9743388000000004	0.16963861292038893	2.9743288000000003	0.16962254967992882
4180000	2.9743833000000004	0.16961253982172067	2.9743725	0.16960785039810705
4190000	2.9743912	0.16962309718212806	2.9743967000000002	0.1696266520927953
4200000	2.9743730999999998	0.16963111613719917	2.9744111999999996	0.16961935313966833
4210000	2.9743707999999995	0.16962097730912679	2.9743754	0.16960774812213936
4220000	2.9743158000000003	0.16962586820861236	2.9743008	0.16959641010847393
4230000	2.9743781	0.16962211238927957	2.9743897	0.16963038280532378
4240000	2.9743844	0.16960525150471603	2.9743861	0.16961484000741425
4250000	2.9744264999999994	0.169602451277183	2.974416	0.169622035770766
4260000	2.9743391999999993	0.169622652342037	2.9743559999999998	0.16963808588929605
4270000	2.9743696	0.16960710912962143	2.9743652000000003	0.16962647349240467
4280000	2.9743336	0.16964712658515205	2.9743451000000003	0.1696379564609945
4290000	2.9743897	0.16962936640174028	2.9744123	0.1696351996481558
4300000	2.9743905999999996	0.1696421204201971	2.9743814000000004	0.16964742014307557
4310000	2.9743437999999998	0.1696374779802373	2.9743361	0.16961965497590234
4320000	2.9743226999999997	0.16962224341214852	2.9743227	0.1696363513708557
4330000	2.9743786	0.16961380953927788	2.9743904	0.16961246775239447
4340000	2.9743598	0.16962887749448807	2.9743804	0.16963466448587458
4350000	2.9743707000000006	0.16962087741066417	2.974401	0.16961290091014644
4360000	2.9744681	0.16965714172450308	2.9744497	0.16964948041805525
4370000	2.9743814000000004	0.169621610075617	2.9743975000000002	0.16962546047274446
4380000	2.9743504	0.1696413726517065	2.9743064	0.16962390818887904
4390000	2.9743938	0.16964970688039696	2.9744108999999996	0.16963797538842498
4400000	2.9744179	0.1696083669744442	2.9744138	0.16963270959849025
4410000	2.9743767	0.16963314425766196	2.9743728000000003	0.16963791038798137
4420000	2.9744440000000005	0.1696162893404098	2.9744474	0.16961567802379435
4430000	2.9744232000000004	0.16962648887331094	2.9744145	0.16962192286513694
4440000	2.9744002	0.16966808810168185	2.9744183000000004	0.16965787199136573
4450000	2.9743683	0.169632499687	2.9743866	0.16964419020913069
4460000	2.9744394	0.16964024021068452	2.9744561999999997	0.16962261982033738
4470000	2.974455	0.16959832695963573	2.9744556	0.16961166529942934
4480000	2.9744664000000003	0.16963052610431423	2.9744616	0.16963666019443416
4490000	2.9744243999999997	0.1696311442210119	2.9744360999999997	0.16961788347100426
4500000	2.9744289	0.1696608272144194	2.9744574	0.16966617103840953
4510000	2.9743878999999995	0.16959812867139437	2.974412	0.16960485701631164
4520000	2.9744803	0.16960788435785157	2.9744810000000004	0.16962694119207058
4530000	2.9744557000000005	0.16963877705935101	2.9744414000000003	0.1696526634399008
4540000	2.9744213	0.16960886540370917	2.9744611	0.16962749849312475
4550000	2.9744787	0.1696641998095267	2.9744532	0.1696542789443406
4560000	2.9744414	0.1696401466793913	2.9744368000000003	0.1696369469175849
4570000	2.9744859999999997	0.16964693149410445	2.9744978	0.16963882989388887
4580000	2.9744572	0.16963523171794237	2.9744831000000005	0.16962322872800797
4590000	2.9744569000000003	0.16960522092009242	2.9744602999999996	0.16963210912547294
4600000	2.9744612	0.1696616132705851	2.9744467000000006	0.16966886075948476
4610000	2.9745103	0.16965131426647523	2.9744888	0.16963121659707628
4620000	2.974456	0.1696246409069237	2.9744153	0.16963898963007504
4630000	2.9744436999999997	0.1696572162076265	2.9744341999999997	0.16964152710370795
4640000	2.9744721	0.1696515107704517	2.9744585999999997	0.1696216553745777
4650000	2.9744822999999996	0.16964814626231622	2.9744726999999997	0.16964562411831463
4660000	2.9745150000000002	0.1696390446225764	2.9744892	0.1696174720663829
4670000	2.9744832999999997	0.16962476402837434	2.9744507000000002	0.16962413893080788
4680000	2.9745212	0.16964173339207622	2.9745076	0.169617889831205
4690000	2.9744453	0.169638042205377	2.974438	0.16961286012068283
4700000	2.9744804	0.1696219938470145	2.9744818000000004	0.16961517726051853
4710000	2.9744868	0.16964000777528276	2.9744469	0.16964086357061198
4720000	2.9745266000000004	0.16964232027789902	2.9745255999999998	0.16965211022307722
4730000	2.9744461	0.1696387713275698	2.9744254999999997	0.16964850855874392
4740000	2.9744705	0.16963709329970605	2.9744182	0.16963956251396645
4750000	2.9744173000000003	0.16960357367376702	2.9744083999999997	0.16959532382499026
4760000	2.9744699	0.169625883060912	2.9744704	0.16962032613716693
4770000	2.9744730999999995	0.16960857807359317	2.9744710999999997	0.1695916235359623
4780000	2.9744542999999997	0.1696198890704692	2.9744425000000003	0.16963531160313497
4790000	2.974451	0.16963599857050096	2.9744398000000003	0.16965126774830952
4800000	2.9744928	0.1696277276690169	2.9744661	0.16964142399049686
4810000	2.9744762000000002	0.16962576270405666	2.9744976999999997	0.16964096239066445
4820000	2.9745264000000002	0.16966916534452778	2.9745054	0.16966552620264855
4830000	2.9745113	0.1696502802824384	2.9744842	0.16964923192355527
4840000	2.974449	0.16962881599013244	2.9744493000000003	0.16963252162218748
4850000	2.9744807	0.16966121845182108	2.9744221	0.16964854904119214
4860000	2.9744642	0.1696291449756945	2.9744455	0.16964259479776805
4870000	2.9745139	0.1696116051258975	2.9744924000000004	0.16961136376126734
4880000	2.9745244000000004	0.16964232491640477	2.9745155	0.1696459772212042
4890000	2.9744891	0.1696031580555398	2.9744845	0.16961452301075566
4900000	2.974493	0.16962461531605935	2.9744725000000005	0.16960598363098348
4910000	2.9745494	0.16964645218329316	2.974543	0.16963555881304432
4920000	2.9744644	0.1696391022071198	2.9744548999999996	0.1696355197048529
4930000	2.9745322000000005	0.16964190490282482	2.974487	0.1696254937181293
4940000	2.9744926	0.16962365628063206	2.9744642000000003	0.169602640527894
4950000	2.974497	0.16965808060718862	2.9745252	0.1696522823361415
4960000	2.9745049	0.1696313914785968	2.9744917999999996	0.1696373728605552
4970000	2.9745346999999995	0.16968023706006177	2.9745172	0.16965763194220362
4980000	2.9745349	0.16967041162374355	2.9745269	0.16967105874180358
4990000	2.9745308	0.16961717778090274	2.9744740000000003	0.16960216070827908
5000000	2.9745113	0.16964248918371377	2.9745172	0.16962357265592704
5010000	2.974553	0.16962012143786656	2.9745235	0.16962964875128844
5020000	2.9744897	0.1696247825961194	2.9744731	0.16964447369084512
5030000	2.9745625	0.16959196891265127	2.9745277999999997	0.169604148163405
5040000	2.9745323	0.1696306227509788	2.9744911000000003	0.16964664109148647
5050000	2.9745293	0.16963058853897217	2.9745301	0.16963191436271763
5060000	2.9745630000000003	0.16963503581623807	2.9745162	0.16963404955470565
5070000	2.9745128	0.16966656730251903	2.9744896	0.1696567089470108
5080000	2.9745006	0.1696068316341561	2.9744973	0.16960287815656017
5090000	2.9745291	0.16967247889178516	2.9745162	0.1696875583683878
5100000	2.9745599	0.16963420688686623	2.9745223	0.1696397673406014
5110000	2.9745733	0.16965709577632543	2.9745329000000003	0.16965108416378585
5120000	2.9745362999999996	0.1696845755143274	2.9745234	0.16965395266864872
5130000	2.9745405000000003	0.1696457423799892	2.9745186	0.16965903861399023
5140000	2.9745609000000006	0.16965534479410666	2.9745348000000003	0.16963995467808632
5150000	2.974548	0.1696665480096578	2.9745158999999997	0.1696690424950031
5160000	2.9746015	0.16967766458083872	2.9745902	0.1696444961058832
5170000	2.9745633000000002	0.16966142573517556	2.9745411	0.1696672575338833
5180000	2.9745407000000004	0.16962603398333323	2.9745418	0.16961189010805233
5190000	2.9746035	0.1696114902221113	2.974596	0.16960163725435953
5200000	2.9745469	0.16966171644899278	2.9745467000000003	0.16966462564218948
5210000	2.9746123	0.16964296122445813	2.9745668	0.1696435889889301
5220000	2.9745732000000005	0.1696413869960451	2.9745630000000003	0.16964744721730224
5230000	2.9745392	0.16964770876274296	2.97454	0.16964984565312793
5240000	2.9745714	0.16964718290826025	2.9745717	0.16964834195782474
5250000	2.9745705	0.16967473523045654	2.974578	0.16970707878161295
5260000	2.9746172	0.16961799582788575	2.9746018000000003	0.1696064395625977
5270000	2.9745920999999997	0.169665459819746	2.974569	0.16966701180221772
5280000	2.9746055	0.1696443763116366	2.9745882999999997	0.16964272252712884
5290000	2.9745218999999996	0.16966562520075998	2.9745363	0.16965693114811609
5300000	2.9746422000000003	0.16965852266677756	2.9746235999999997	0.16965564677169317
5310000	2.9745996999999997	0.16964124764576807	2.9745950000000003	0.16965689852823027
5320000	2.9745569	0.16969918540145063	2.9745547	0.16968107291154902
5330000	2.9745887999999994	0.16963440377914352	2.9745624	0.1696067804842313
5340000	2.9745753000000006	0.1696800242531234	2.9745636	0.16968354463636232
5350000	2.9745803	0.16963787156581334	2.9745625	0.16964267051484838
5360000	2.9746012	0.16966130825287798	2.9745863	0.16965268585002163
5370000	2.9745587999999996	0.16963078271647808	2.9745587999999996	0.16962732702201208
5380000	2.974577	0.16967451821983506	2.9745619	0.16965856473216134
5390000	2.9745888999999996	0.16964821638942781	2.9745995	0.16964747128756227
5400000	2.9746361	0.16967183501803826	2.9746276	0.1696607813224935
5410000	2.9745742	0.16965668027968578	2.9745653	0.16966480622799293
5420000	2.9745973	0.16965686633615806	2.9746040000000002	0.1696513017580124
5430000	2.9745761	0.16964601855157224	2.9745874000000003	0.16966626577779975
5440000	2.9746667	0.16963375522584537	2.9746579	0.16963138348741325
5450000	2.9746641	0.16965099817676396	2.9746460999999997	0.1696486480009745
5460000	2.9745851	0.16962689926112232	2.9745691	0.1696422435184585
5470000	2.9746080999999998	0.16963391975404304	2.9745833000000004	0.16963357775455842
5480000	2.9746557000000005	0.1696751829680028	2.9746443	0.1696670531258984
5490000	2.9745741	0.1696681459170487	2.9745822	0.16967935014321872
5500000	2.974598	0.1696978333115383	2.9746090000000005	0.1696752826446461
5510000	2.9746539000000003	0.16967545008973206	2.9746398	0.16968820378111868
5520000	2.9746238999999997	0.16969579736231663	2.9746404	0.16970896187172785
5530000	2.9747070000000004	0.16967469013223943	2.9747016	0.16966667102497382
5540000	2.9746755000000005	0.16965310992568763	2.9747007	0.1696468152115489
5550000	2.9746202999999998	0.16964342536532231	2.9746281	0.1696283506308062
5560000	2.9746251999999997	0.16962176094695736	2.9745968	0.1696277714013557
5570000	2.9746628	0.16966929122426527	2.9746789	0.16965128223020406
5580000	2.9747081	0.1696412713502682	2.9746984000000003	0.1696442214144039
5590000	2.9746415	0.1696492473749438	2.9746405	0.1696584518968921
5600000	2.9746863	0.16964225575382816	2.9746616999999995	0.16964333958566064
5610000	2.9746295	0.16967203157282007	2.9746387	0.1696863351736216
5620000	2.9746739000000004	0.1696660240841357	2.9746858	0.16968811217576138
5630000	2.9746895	0.16962159610620228	2.9746594	0.16963748473691734
5640000	2.9747250000000003	0.16966012989112875	2.9747199	0.169652831503713
5650000	2.9746485	0.1696965991807836	2.9746503000000004	0.16965645514592917
5660000	2.9747036	0.16963410369432255	2.9746888	0.16961799951750497
5670000	2.9746872	0.16967546516700532	2.9746859999999997	0.1696652553791815
5680000	2.9746597	0.16967313847462664	2.9746421	0.16966365070916622
5690000	2.9746765	0.16968013609829624	2.974676	0.16966412242556891
5700000	2.9746545	0.16965492044671673	2.9746868999999996	0.1696343001700546
5710000	2.9746616000000006	0.16964868806684832	2.9746576000000005	0.1696480418405716
5720000	2.9746575	0.16967436439746483	2.9746593000000003	0.1696769256339901
5730000	2.9747175	0.16962298795208092	2.9747037	0.16963461851906914
5740000	2.9747475	0.16967120731680535	2.9747741999999997	0.16968167297768047
5750000	2.9746975000000004	0.16965985102197514	2.9746823	0.16965814599721765
5760000	2.9746772999999997	0.16966946950937756	2.9746833	0.16962233174478097
5770000	2.9746937000000004	0.16966986277074267	2.9746824999999997	0.1696419286842664
5780000	2.9746854000000003	0.16962725315187963	2.9747174999999997	0.16964783898718847
5790000	2.9746647	0.16966550393977303	2.9747043000000004	0.16967398384048835
5800000	2.9747435999999996	0.169645926209029	2.9747499000000004	0.16963253472381654
5810000	2.9746311999999997	0.16965266007826588	2.9746514	0.16964956608642803
5820000	2.9747364000000003	0.16969046758680886	2.9747730000000003	0.1696960682708547
5830000	2.9747343	0.16966704388091783	2.9747367	0.16964685071367247
5840000	2.9747182999999997	0.1696910714647204	2.9747223999999997	0.16967626248916579
5850000	2.974622	0.16963084855291147	2.9746453	0.1696503169698128
5860000	2.9746544999999998	0.1696657138440298	2.9746947	0.1696611666038029
5870000	2.974717	0.16969012307399883	2.9747345	0.16968007775970206
5880000	2.9747472	0.1696615034647457	2.9747751	0.16968272681026716
5890000	2.9747159	0.16964585297796886	2.9747143	0.16965357839483425
5900000	2.9747118	0.16969700714801952	2.9747607000000005	0.16973285588794493
5910000	2.9747179	0.16969980286577435	2.974745	0.16968044297363125
5920000	2.9747198	0.16965937867601877	2.9747488000000004	0.1696553715732681
5930000	2.9747461000000004	0.169702983908762	2.9747855	0.1697070844551407
5940000	2.9747087999999997	0.16964229399082786	2.9747109	0.16965564390464202
5950000	2.9747198000000004	0.16965783603856704	2.9747518	0.1696477193641148
5960000	2.9747366000000004	0.16965774208650158	2.9747347	0.1696579929755462
5970000	2.9747235	0.169673511067898	2.9747255999999997	0.16964732110528064
5980000	2.974716	0.16963436863744039	2.9747334	0.16965022635924698
5990000	2.9747005	0.1696835907526733	2.9747156	0.16969180736301365
6000000	2.9747768	0.16970956236263562	2.974786	0.16969360566563435
6010000	2.9747650000000005	0.16967635055875918	2.9747777	0.16969318333150327
6020000	2.9747541	0.16961224105442835	2.9747949	0.16962238572112975
6030000	2.9747395	0.1696261409613726	2.9747402000000003	0.16963257309200322
6040000	2.9747853	0.16966451220161102	2.9747943000000006	0.16964912378999403
6050000	2.9747311	0.1696795975024652	2.9747357	0.16965042788980284
6060000	2.9747660999999996	0.16965316170371264	2.9747828999999997	0.16965933126791546
6070000	2.9747831000000002	0.16966550624213042	2.9747875000000006	0.16966729143689874
6080000	2.9748023999999997	0.16967553217968837	2.9748033	0.169679033688855
6090000	2.9747148	0.16964277919644413	2.9747201999999997	0.16963217698133637
6100000	2.9747873	0.16965857898182493	2.9748067000000002	0.1696735419443643
6110000	2.9747915	0.16970999770511774	2.9747719	0.16970934123050177
6120000	2.9748354	0.16970563310847625	2.9748147	0.16968698343201302
6130000	2.974837	0.1696986333980836	2.9748685999999998	0.1697104667855715
6140000	2.9748105999999996	0.16967454051017006	2.9747831	0.1696641204207541
6150000	2.9747951	0.16964894225900615	2.9748019000000006	0.1696458801475622
6160000	2.974764	0.16967542135681468	2.9747877000000003	0.16966918828167407
6170000	2.9748038	0.16968587637809518	2.9748109	0.16969237346682026
6180000	2.9748913000000003	0.1696877887768297	2.9748883999999998	0.16965953974022463
6190000	2.9748080999999997	0.1696799483417509	2.9747979	0.16966231097493442
6200000	2.9748579	0.16968664347721824	2.9748576000000004	0.16966975035764753
6210000	2.974848	0.1696505155117821	2.9748431999999996	0.16964039146434487
6220000	2.9747183999999995	0.16969136879076108	2.9747798999999997	0.16968014892417124
6230000	2.9748134	0.16965872905566864	2.9748538000000004	0.1696563637100221
6240000	2.9747489999999996	0.16967185062907722	2.9747895000000004	0.1696682265683733
6250000	2.9747457	0.16966492969933378	2.9747673	0.16966723422947957
6260000	2.9748126000000004	0.16966683800070406	2.9748180000000004	0.16965122379085196
6270000	2.9748335999999997	0.16967762707018322	2.9748455999999996	0.16970520798802333
6280000	2.9748647	0.16970012149419675	2.9748733	0.1696821537180631
6290000	2.9748751	0.1696743810525784	2.9748692	0.16967535264927744
6300000	2.9748463000000003	0.16967248179179614	2.9748311000000003	0.16966708402690306
6310000	2.9748144	0.16963608989727283	2.9748234	0.1696326421586533
6320000	2.9747806999999997	0.16968326897275193	2.9748046000000006	0.16968639778259315
6330000	2.9748324999999998	0.16969663114030983	2.9748446	0.16966958548625938
6340000	2.9748422	0.1696772934811346	2.9748592	0.16967382727758287
6350000	2.9748356999999994	0.16969491648305257	2.9748468000000003	0.16970157788098286
6360000	2.9748015999999997	0.16970343046547925	2.9748158000000005	0.16969578400617225
6370000	2.9748110000000003	0.1697126293932646	2.9748457	0.1696951226056487
6380000	2.9748368	0.16966309071247673	2.9748528999999997	0.16968352291704558
6390000	2.9748072	0.1697119674626986	2.9748516	0.1696957035674423
6400000	2.9748428000000002	0.16969972889237667	2.9748459999999994	0.16969855268322942
6410000	2.9748095	0.16970490580653463	2.9748193	0.1697083284764312
6420000	2.9748256	0.1696633540230133	2.9748446	0.169661501690855
6430000	2.9748223	0.1696666933712965	2.9748614	0.16966525899591275
6440000	2.974826	0.16967494585604337	2.9748132999999997	0.16968844575200673
6450000	2.9748471	0.16969426588858408	2.9748882000000005	0.1697346162711682
6460000	2.9748438999999998	0.16967105017668177	2.9748689	0.16967142344757036
6470000	2.974824	0.16966946758987675	2.9748168	0.16966004924574926
6480000	2.9748564	0.16967953413226755	2.9748498	0.16967187381745016
6490000	2.9748608	0.16966763335760057	2.9748742000000004	0.16968638561718444
6500000	2.9748550000000007	0.1696992118352277	2.9748946999999997	0.16969437728927142
6510000	2.9748635000000005	0.1697082153465356	2.9748445	0.16970813026849724
6520000	2.974824	0.1697100060991401	2.9748647999999998	0.1697116376708472
6530000	2.9748571000000004	0.16968414421621245	2.9748469999999996	0.16968197094052823
6540000	2.9748863	0.16965126239772912	2.9749120000000002	0.16965791476982156
6550000	2.9749027	0.16967229553047422	2.9749235	0.16969774536667404
6560000	2.9749019	0.16965976022802412	2.9749101999999996	0.16965016278711226
6570000	2.9749573000000002	0.16972199799470106	2.9749631	0.16971520314505878
6580000	2.9748594	0.16971139911812239	2.9749002	0.16972655285105717
6590000	2.9748501000000003	0.16968588945775978	2.9748566999999997	0.1696896018502197
6600000	2.9749047	0.16964807879415714	2.9749112999999996	0.16964852703467553
6610000	2.9748964000000004	0.16968884787201582	2.9748941000000007	0.16968319386866654
6620000	2.9748875	0.16969154284602242	2.9749213	0.16969966680351267
6630000	2.9748467	0.16967333381919303	2.9748625	0.16966809230169147
6640000	2.9749304	0.1696980871920383	2.9749279	0.16972658202012506
6650000	2.9749029	0.16969396737702303	2.9749071	0.1697056216440917
6660000	2.9748798	0.16965544501129926	2.9748924	0.16966091561856114
6670000	2.9748504	0.16968393146210528	2.9748606	0.1696586012810097
6680000	2.9748499999999996	0.169663152762777	2.9748501999999997	0.16964360604818868
6690000	2.9748881999999996	0.16968376333727486	2.9748972	0.1696815610616673
6700000	2.9749463	0.1696693652366561	2.9749413999999996	0.16966265712661482
6710000	2.9749201999999997	0.16969160448470216	2.9749546000000002	0.16969918182227972
6720000	2.9749814000000003	0.16965971765222831	2.9749582	0.1696713709111436
6730000	2.9749178	0.16969152966014067	2.9749123	0.1696647378271984
6740000	2.9749552	0.16965545941073595	2.9749237999999996	0.16964082074082765
6750000	2.9749230000000004	0.169678408034591	2.9748968999999996	0.16967955614086858
6760000	2.9749585	0.16961180723317262	2.974913	0.16962368899085667
6770000	2.9749171000000003	0.16970213685408572	2.9749163	0.1696883904519227
6780000	2.9749499	0.16970087833625994	2.9749746999999997	0.16970005456224352
6790000	2.9749139999999996	0.1696918693825209	2.9749014000000003	0.16970202531329862
6800000	2.9749537	0.169713247841183	2.9749577	0.1696984853693357
6810000	2.9749317	0.16968467849285987	2.9749308	0.16968123317636588
6820000	2.9749492999999996	0.1697077661316517	2.9749552	0.16969556516832665
6830000	2.9749233	0.16970851908068305	2.9749542	0.16970957787698132
6840000	2.9749374	0.16968591819026135	2.9749176	0.16967327824849615
6850000	2.9749342999999997	0.16964923193284845	2.9749503999999996	0.16968796440851397
6860000	2.9749653000000005	0.16972105603835008	2.9749920000000003	0.1697125140743411
6870000	2.9749770000000004	0.1697122301192582	2.9750055000000004	0.16971679525120767
6880000	2.9749703999999997	0.16967752168512246	2.9749931999999997	0.16967647409001527
6890000	2.974935	0.16970115024770868	2.9749371	0.16968764477822296
6900000	2.9749364000000003	0.16973119859004948	2.9749657	0.16971315602757153
6910000	2.9749492999999996	0.16970142920607528	2.9749309	0.16968586449023323
6920000	2.9749673000000003	0.1696847177094453	2.9749909	0.1696755731604208
6930000	2.974954	0.1697102955286108	2.9749529	0.16970654525707926
6940000	2.9749988	0.16968243806696184	2.9750259999999997	0.1697010314761937
6950000	2.9750002999999996	0.16969253332358433	2.9750280999999994	0.16967864657491083
6960000	2.9750065	0.16971094181437307	2.9750036	0.16970792541006147
6970000	2.97499	0.16968589895540614	2.9750009	0.16969491634643574
6980000	2.9749844	0.16967060520582494	2.9750188000000004	0.16968896372767137
6990000	2.9749915000000002	0.16970891884307343	2.9749937	0.16968470481855272
7000000	2.974998	0.16971755508639788	2.9750151	0.16971047724898447
7010000	2.9750182	0.16973853917257695	2.9750164999999997	0.16972687214722032
7020000	2.9749820000000002	0.16971637936694686	2.9749855	0.16968931440480622
7030000	2.9750096000000004	0.1697135323741478	2.9750071	0.16969372534071497
7040000	2.975003	0.16970935423810884	2.9750086000000002	0.16967451112576032
7050000	2.9750332	0.16966360398233993	2.9750456	0.16966431923613717
7060000	2.9749567	0.16970254726921355	2.9749685	0.16970591030881554
7070000	2.9750208000000002	0.16969785487539113	2.9750180999999998	0.16970902632448873
7080000	2.9750428	0.16966089451399013	2.9750243	0.16965604915394122
7090000	2.9749913	0.1696888020579256	2.9750019999999995	0.16968488269558787
7100000	2.9749859	0.16969673931612395	2.9750029	0.1697026739893899
7110000	2.9750096000000004	0.16967133561674458	2.9750151999999996	0.16969247804798557
7120000	2.9750487	0.16971228546616224	2.975088	0.16971848998221095
7130000	2.9750405	0.16974876285923923	2.9750707	0.16972217647879345
7140000	2.9750794999999997	0.16970390433014468	2.9750896	0.16972214563385227
7150000	2.9750583	0.169712321011213	2.9750916000000003	0.16970882332440512
7160000	2.9750411000000003	0.16970403772807297	2.9750722	0.16972951232627317
7170000	2.9750657	0.16972179447858496	2.9750853999999998	0.16972735967858413
7180000	2.9750766000000004	0.169683299456825	2.9750955	0.1696821958761359
7190000	2.9750015999999997	0.1696580249291582	2.9750217	0.1696624794586182
7200000	2.9750327000000003	0.16971888156439596	2.9750517999999997	0.16972019839283273
7210000	2.9750639999999997	0.1696971902548194	2.9751095999999997	0.16970481328321685
7220000	2.9750976000000002	0.1697221135564546	2.9751195	0.16971656195301374
7230000	2.9750612999999997	0.1696796085033551	2.9750832	0.1696853835990807
7240000	2.9750872	0.16970678510026954	2.9751239000000003	0.1697076669777209
7250000	2.9750303000000002	0.16968997825632082	2.9750416	0.16968971786702278
7260000	2.9750369	0.16968434431347842	2.9750457999999997	0.16970164474922037
7270000	2.975115	0.16968892057162946	2.9751423	0.1696957489388521
7280000	2.9750435	0.16970825309606755	2.9750794000000003	0.16970648262775906
7290000	2.9750814	0.16973633393324217	2.9750853	0.16972541002666253
7300000	2.9750652	0.16970471171460777	2.9750934	0.1697137012053441
7310000	2.9750702	0.16970383691662433	2.9751103	0.1697130251772822
7320000	2.9750897999999997	0.16972855870359474	2.9750985	0.16971525168470983
7330000	2.9751215	0.16967231495506924	2.975146	0.16968023091911671
7340000	2.9751788	0.16970161793480254	2.9752009	0.1697152619516858
7350000	2.975071	0.16969075523260366	2.9751026	0.16968715297017367
7360000	2.9751583	0.1697007630509954	2.9751818	0.16969225141104397
7370000	2.9751165	0.16971717390077784	2.9751501	0.16972720224870608
7380000	2.9751166	0.16971560662346752	2.9751350000000003	0.1697069105560834
7390000	2.9751554000000007	0.16968773372821566	2.9751727	0.16968087335788173
7400000	2.9751628	0.1696934397071367	2.9751688999999995	0.16967910307639772
7410000	2.9751735	0.16966438415590054	2.9752059	0.16969731280477945
7420000	2.9750955000000006	0.169700335337216	2.9751212999999996	0.16971629431750762
7430000	2.9751327	0.16974020465931985	2.9751867	0.16975567602484654
7440000	2.9751447	0.16970628855845704	2.9751758999999995	0.16971507144229903
7450000	2.9751328	0.16970073312447118	2.9751596	0.1697100327118083
7460000	2.9751037	0.16970721362000105	2.9751242	0.16972247326825135
7470000	2.9751334000000003	0.16971877959904316	2.9751677	0.16970472851865853
7480000	2.9751437000000003	0.16976026805150524	2.9751778	0.16974849542443332
7490000	2.9751251	0.16974117575513828	2.9751484	0.16975258613033833
7500000	2.9750612999999997	0.1696954719062813	2.9751096	0.16969203185038922
7510000	2.9751543000000003	0.16972376426908423	2.9751843000000004	0.16972785135927762
7520000	2.9751647	0.16971318802644683	2.9751496	0.16972170284396823
7530000	2.9751825	0.16972855094165729	2.9751876000000004	0.1697103918543097
7540000	2.9751456	0.16972081627224198	2.9751642	0.16970939401452348
7550000	2.9751324999999995	0.16972604138102343	2.975165	0.16972609086678725
7560000	2.9751274	0.16972444920487414	2.9751626	0.16972245960548218
7570000	2.9751804	0.16970540232832726	2.9752164000000003	0.16968756212456995
7580000	2.9751378000000006	0.16970093045401063	2.9751564	0.16969627864519019
7590000	2.9751704	0.1697564821946045	2.9751826	0.16975098985218257
7600000	2.9751282	0.16974074226403144	2.9751758999999995	0.16971192900924212
7610000	2.9751512000000004	0.1696959079640394	2.9751801999999996	0.16970221775413152
7620000	2.9752155	0.1697040682497934	2.9752686	0.16971547689334976
7630000	2.9751692000000003	0.1697151178669496	2.9751990999999998	0.16969296582899907
7640000	2.9751452	0.16971168177792562	2.9751793	0.16971237129473055
7650000	2.9751801999999996	0.16973629227975046	2.9752046	0.16976787425767564
7660000	2.9751464999999997	0.169760295846219	2.9751378	0.1697669013440251
7670000	2.9751797	0.16971589519839617	2.9751901	0.1697225377839426
7680000	2.9751666	0.1696957830449043	2.9751689999999997	0.16971204605913387
7690000	2.9752276	0.1696968066417999	2.9752637000000006	0.1697067642675098
7700000	2.9751524	0.16975782265507705	2.9751763	0.1697545192479868
7710000	2.9751532	0.16971510341182394	2.9751362	0.16972057519111583
7720000	2.9751628000000006	0.169688611406308	2.97515	0.16968433750465714
7730000	2.9753048	0.1697358490579271	2.9752861000000004	0.16972720589584692
7740000	2.9751905	0.1697345285731219	2.9752267000000003	0.16970615597699007
7750000	2.9752178	0.16969926766077867	2.9752477	0.16969791960607125
7760000	2.9752408999999997	0.16972289491476464	2.9752378	0.16975445409722198
7770000	2.9751499000000003	0.16971749487916105	2.9751788	0.16972276260627714
7780000	2.9752153	0.16971459141290252	2.9752394000000004	0.16970322575741592
7790000	2.9752771000000005	0.16971486788720655	2.9752690999999998	0.16968778942832355
7800000	2.9752039999999997	0.16971789855253655	2.9752153000000003	0.169714379020625
7810000	2.9752161999999998	0.16973566110930316	2.9752286	0.16974238515868498
7820000	2.9752003	0.16973170676745164	2.9752181	0.16971539074652672
7830000	2.9752245000000004	0.16970014280553278	2.9752533	0.1697143091664514
7840000	2.9752837	0.1697117840751312	2.9753123	0.1696982587940953
7850000	2.9752605000000005	0.1696928267346478	2.975283	0.16968173119372898
7860000	2.9752137	0.1697020260927075	2.9752362000000003	0.1697293881883004
7870000	2.9752733000000005	0.16975356588372523	2.9752825	0.1697534240854621
7880000	2.9752725	0.1697457924303215	2.9753081999999997	0.1697393999537428
7890000	2.9752687000000004	0.16971457800760162	2.9752733	0.16969584684825834
7900000	2.9751828000000002	0.16975769702685017	2.975214	0.16974107645775383
7910000	2.9752926	0.1697491441426942	2.9753133	0.16970614758941302
7920000	2.9752636000000003	0.16973472978012935	2.9752829000000003	0.16973665169467236
7930000	2.9752332999999997	0.16972696952840258	2.9752616	0.1697439764556698
7940000	2.9752762	0.16971501312270296	2.9753024	0.16972144733039465
7950000	2.9753960999999998	0.16974737154057773	2.9753958000000003	0.16973971566322785
7960000	2.9753673	0.1697353587580464	2.9753637	0.16972600280551692
7970000	2.9752688	0.16970233247721792	2.9752713999999996	0.16969799294879964
7980000	2.9753155	0.16974005690074065	2.9753594000000003	0.169748832507849
7990000	2.9752368000000002	0.1697237350284043	2.9752959	0.1697212702720928
8000000	2.9752602	0.16970946980089266	2.975274	0.16971783544361996
8010000	2.9753349	0.16975231627542192	2.975361	0.169745778941535
8020000	2.9753081000000003	0.16973653081845488	2.9753307999999996	0.1697165906813842
8030000	2.9753242	0.169752856018644	2.9753321	0.1697633005623059
8040000	2.9753202	0.169735153442869	2.9753454	0.16975045471431208
8050000	2.9752465999999997	0.1697182273214198	2.9753005000000003	0.16972524599740277
8060000	2.9753031	0.16971725984318353	2.9753625	0.16972652089654594
8070000	2.9753112	0.16971537285214425	2.9753391000000002	0.16972750987626845
8080000	2.9752777999999998	0.1697227736842262	2.9753325999999998	0.16972019149364828
8090000	2.9752988	0.1697225501888379	2.9753397999999995	0.1697337900815729
8100000	2.975374	0.16970023008850663	2.9754098000000004	0.16970330820811003
8110000	2.9753952	0.16973033294871862	2.9753922	0.1697597569338335
8120000	2.9753652	0.16976368096956526	2.9753762999999998	0.16975515067145824
8130000	2.975336	0.16971220514911878	2.9753689	0.16972425632765628
8140000	2.9753811999999997	0.16974641425288403	2.9753977999999996	0.16975938608608457
8150000	2.9753100999999997	0.16970943710068404	2.9753488999999997	0.16972554462805323
8160000	2.9753637	0.16973870407178784	2.9754198	0.16974538421831512
8170000	2.9753578	0.16971566269889568	2.9753954000000005	0.16977540807793107
8180000	2.9753937	0.16974928049490678	2.9754069	0.16975902606141247
8190000	2.9753808	0.16973307293337797	2.9754164999999997	0.16973067860882135
8200000	2.9753730999999997	0.16974101442600242	2.9753987	0.16973883851850646
8210000	2.9753806999999997	0.16977503856937048	2.9754022	0.16978159978863075
8220000	2.9753565	0.169746625281755	2.9754072000000007	0.16972965322342276
8230000	2.975352	0.16971772630642512	2.9753559	0.16972156561564303
8240000	2.9753403	0.16977601273563475	2.9753952	0.16974971930511157
8250000	2.9754112000000004	0.16972415338661379	2.9754461	0.1697356052821284
8260000	2.9753922000000004	0.1697324209863687	2.975442	0.16975980026433168
8270000	2.9753344	0.169698032867205	2.9754185	0.16970991675088876
8280000	2.9753455	0.1697100264357496	2.9753855	0.16971588653361797
8290000	2.9753549	0.16974114749565924	2.9754133	0.16974260792757975
8300000	2.9753636	0.16975744615646635	2.9754187	0.16980237815748617
8310000	2.9753795	0.1697631393242456	2.975398	0.16974925250122525
8320000	2.9754484000000003	0.1697389118488617	2.9755061000000005	0.16973966250059477
8330000	2.9753810999999994	0.16976106435741312	2.975424	0.16974674630720282
8340000	2.9754685	0.16975041602744745	2.9755163000000002	0.16976299802904582
8350000	2.9754206000000005	0.16972815294329205	2.9754613	0.16974880084318034
8360000	2.9754168	0.1697524164795914	2.9754699000000002	0.1697354589059104
8370000	2.9754389999999997	0.16971913104432995	2.9754891000000003	0.16973382374209364
8380000	2.9754297999999997	0.16975031387606038	2.9754611	0.16977325046474007
8390000	2.9753933999999997	0.16974160712574163	2.9754278999999997	0.16975773637937874
8400000	2.9753876	0.1697301829411647	2.9754532	0.1697366381076168
8410000	2.9754218	0.16974241536025209	2.975452	0.16974114030107937
8420000	2.9753911	0.16974157927427366	2.9754434	0.16975452522768067
8430000	2.9754164	0.16975346373340808	2.9754582999999997	0.16976174357225096
8440000	2.9754126000000003	0.16974227865326422	2.9754477	0.1697541675249892
8450000	2.9754232000000003	0.16978304321552118	2.9754574999999996	0.16976515782857965
8460000	2.9753909	0.1697278558523681	2.9754241	0.1697432002857058
8470000	2.9754452000000002	0.1697770061839612	2.9755033	0.16976771883213684
8480000	2.9754163	0.16971797575862613	2.9754575000000005	0.16973857790313485
8490000	2.9754747000000004	0.16976836362290001	2.9755233	0.1697277946931539
8500000	2.9754918	0.16975427053575154	2.9755331999999997	0.16976861406066812
8510000	2.9755035000000003	0.16975932795336218	2.9755518000000003	0.16976359060014445
8520000	2.9754557000000004	0.16973835700084808	2.9754853000000003	0.16973151563958683
8530000	2.9754646000000005	0.16972479003136576	2.9755274000000003	0.16971806412556836
8540000	2.9754676	0.1697469470602528	2.9755069999999995	0.16974320329858886
8550000	2.9754566000000002	0.16975582852367033	2.9754831999999998	0.16976701203748665
8560000	2.9754553	0.16971012284983977	2.9754884	0.16971225404965495
8570000	2.9754413000000004	0.1697032491058055	2.9754847	0.1697171958361099
8580000	2.9754722	0.169786479130865	2.9754997000000003	0.16978240006927478
8590000	2.9754899	0.16974429644074693	2.9755165000000003	0.16973327270046853
8600000	2.9754688999999996	0.1697734897462222	2.9755257999999998	0.1697694279103662
8610000	2.9754476999999997	0.16976498627595524	2.9754647999999997	0.16977770368817466
8620000	2.9754744	0.169773092177375	2.9755281	0.1697723912337198
8630000	2.9754338	0.16976510898824232	2.9754774999999998	0.16977046879780308
8640000	2.9755121000000004	0.16974771524359444	2.9755444000000004	0.16975265403578285
8650000	2.9754741000000005	0.16977574108644453	2.9755125	0.16978408886164975
8660000	2.9755381	0.16979540641144691	2.9755571	0.1698158681592173
8670000	2.9755541	0.16976967286595981	2.975581	0.1697525858400967
8680000	2.9754892	0.16974166871295174	2.9754947	0.1697351473978568
8690000	2.9754404	0.16976452350618276	2.9754645999999996	0.16975690930001963
8700000	2.9755213	0.16975238174298884	2.9755469000000003	0.16977230901209214
8710000	2.9754816	0.16974539847000786	2.9755167	0.16977563634929427
8720000	2.9755449	0.16973210751744147	2.9755905	0.16972172625834947
8730000	2.9755306	0.169770548396189	2.9755571	0.16977998383938697
8740000	2.9754731999999997	0.16977819305375058	2.9755368	0.16974990850423807
8750000	2.9755057000000003	0.1697734386704469	2.9755415000000003	0.1697816807752735
8760000	2.9755024	0.16974499532439147	2.9755205	0.16973642745313852
8770000	2.9755304	0.16973390519991702	2.9755282000000007	0.16975083307627709
8780000	2.9754994000000003	0.16972926979358824	2.9755181000000004	0.16973890626102398
8790000	2.9755439999999997	0.16976353377978853	2.9755845	0.16980563778736668
8800000	2.9754660000000004	0.16973835557514205	2.9754771	0.16974656763190477
8810000	2.9754340000000004	0.16975140801926955	2.9754785000000004	0.16973769956731594
8820000	2.9755515	0.16971218531264512	2.9755781999999997	0.16972914354030932
8830000	2.9755249	0.16977568646217778	2.9755559000000003	0.16977751520699041
8840000	2.9755089	0.1697409638407759	2.9755581	0.16973934823938358
8850000	2.9755447	0.16971848100517722	2.9755628	0.16974201149575974
8860000	2.9755289	0.1697577537839134	2.9755735000000003	0.16976555189543124
8870000	2.9755002999999998	0.16975909277411178	2.9755532	0.16976246246866067
8880000	2.9754693	0.1697772383394434	2.9755074000000006	0.16976834043676886
8890000	2.9755561	0.16975200878716362	2.9755879999999997	0.1697434965193383
8900000	2.9755418	0.16973507624786593	2.9755786	0.16973941796781342
8910000	2.9755065000000003	0.16979347664872896	2.9755437000000002	0.1698132410536562
8920000	2.9755367	0.16978516161377064	2.9755414	0.16976380077653214
8930000	2.9755515999999997	0.16981688848007157	2.9755985000000003	0.1698020871973209
8940000	2.9755203000000003	0.16970576373286253	2.9755404	0.1697095678660024
8950000	2.975571	0.16974222663351185	2.9755821000000005	0.16974527630664255
8960000	2.9756085000000003	0.16976518393188111	2.9756237999999997	0.1697556377564825
8970000	2.9755544	0.16977134655397758	2.9755911999999998	0.16975961619257346
8980000	2.9755610999999997	0.1697616378056611	2.9756013	0.1697512792444143
8990000	2.9755693	0.1697617136073883	2.9756354000000003	0.16977792539311698
9000000	2.9755725	0.1697691853961138	2.9756205000000007	0.16978178490119084
9010000	2.9755749999999996	0.16980837635311066	2.9755933999999997	0.1697976288739369
9020000	2.9755629	0.1697736076410036	2.97561	0.1697679690144855
9030000	2.9755658999999994	0.16977217545507495	2.9756184	0.16977215108705174
9040000	2.9756164	0.16980568719110217	2.9756582	0.16982140030267318
9050000	2.9756435999999997	0.16979629601726057	2.9756736	0.16979992113147832
9060000	2.9755571	0.16975891469583773	2.9755921000000005	0.1697794770236038
9070000	2.9756362	0.16974830997184714	2.9756678	0.16974272071106433
9080000	2.9756005	0.16977183543172247	2.9756363	0.16978471539538503
9090000	2.9756287	0.1697648182628834	2.9756693	0.16974682580944594
9100000	2.975578	0.16973962671361356	2.9756069	0.16975198755734694
9110000	2.9755879000000003	0.1697988755019058	2.9756201	0.16981279035973632
9120000	2.9756028000000003	0.16978066882795484	2.9756511	0.1697713479636048
9130000	2.9756069	0.16979927749265314	2.9756437	0.1698021178888813
9140000	2.975589	0.16973263789668552	2.9756313	0.16973684357374028
9150000	2.9755785	0.16978422562482362	2.9756001000000003	0.16977829478284134
9160000	2.9756441	0.1697792570997156	2.9756419000000003	0.16977438156278177
9170000	2.9755861	0.16978453211094977	2.9756153	0.16980480543217222
9180000	2.9756426	0.1697702963971577	2.9756674000000003	0.16977204759731615
9190000	2.9756391000000004	0.1697311198756558	2.9756772000000002	0.16972037026899348
9200000	2.9755952000000003	0.16978028649593757	2.975635	0.16977302552288803
9210000	2.9756038	0.1697877381367146	2.975663	0.16979394068485865
9220000	2.9756065	0.16978612232772466	2.9756552000000003	0.16977448845421356
9230000	2.9756348	0.1697761939289045	2.9756431	0.16979332202591066
9240000	2.9756142	0.16976651173558013	2.9756489999999998	0.16978613079167926
9250000	2.9756503999999997	0.16976478958730995	2.9756575	0.16976494178483734
9260000	2.9756209	0.169815776626264	2.9756399	0.1698486327764991
9270000	2.9755953	0.1697409668398697	2.9756139000000004	0.16976930179694627
9280000	2.9756736	0.16976842557248792	2.9757066000000005	0.1697533301279522
9290000	2.9756575	0.16981029733449862	2.9756861	0.16979897623106896
9300000	2.9755843	0.16979618602400437	2.9756267	0.1697746038523525
9310000	2.9756844	0.1697552966401266	2.9756847	0.16976246608364526
9320000	2.9756644000000003	0.16979745324287926	2.9756933	0.1697910395227387
9330000	2.9756159	0.16972739886982632	2.9756629	0.16971973244490804
9340000	2.9756322	0.16976053464301497	2.9756544	0.16975200553756065
9350000	2.9755845	0.16981591584720504	2.9756127	0.1697940561687017
9360000	2.9756629	0.1697816879853807	2.9756801	0.16978045487289414
9370000	2.9756663	0.1697960443325491	2.9756752	0.16979555446263978
9380000	2.975693	0.16975224816407222	2.9756869	0.1697487302745438
9390000	2.9756277	0.16977667018895867	2.9756685	0.16979811311368265
9400000	2.9756535000000004	0.1697483365028815	2.9756931	0.16973545618838004
9410000	2.9756396	0.16975035297216373	2.9756803	0.16974510332263495
9420000	2.9757092000000003	0.16975427561463496	2.9757472000000003	0.16976402397444518
9430000	2.9756841	0.16978382338689949	2.9757291	0.16980123999633895
9440000	2.9756358	0.1697530600011079	2.9756718	0.16977367117484438
9450000	2.9757177	0.16977370004195566	2.9757189	0.16979773621581062
9460000	2.9757179000000002	0.16978808074170565	2.9757529000000003	0.16977766250680998
9470000	2.9756765	0.16977167561047862	2.9756917	0.1697743274566958
9480000	2.9756996	0.16978524803495235	2.9757349000000004	0.16976908662876397
9490000	2.9757189	0.1697994863312264	2.9757516	0.16981147462510993
9500000	2.9756876	0.16979790421119606	2.9757276999999998	0.1697854121793121
9510000	2.9756769000000003	0.1697793579525402	2.9757297	0.16974767427222923
9520000	2.9756731	0.16976574157763222	2.9757101	0.1697751880649009
9530000	2.9756976999999996	0.1697898551139308	2.9757455	0.16979346624923744
9540000	2.9756883	0.1697855276474073	2.9757168000000003	0.1698238980064175
9550000	2.9757273000000004	0.16978150395079492	2.975778	0.1697668385624103
9560000	2.975692	0.16981262728190855	2.9757104	0.1698235910110957
9570000	2.9756948000000003	0.16977801721096902	2.9757553000000003	0.16978418466179726
9580000	2.975651	0.16982026445987305	2.9756977	0.16980423358224156
9590000	2.9757772000000005	0.16977116783950563	2.9758076	0.16977707364946829
9600000	2.9757134000000005	0.16982243414690412	2.9757325	0.16981105319600823
9610000	2.9757178	0.16973954741637884	2.9757611	0.1697420940582662
9620000	2.9756877999999998	0.16979348497129887	2.9757404000000003	0.169770493691832
9630000	2.9757396	0.16979084174884637	2.9757582	0.16980800166714816
9640000	2.9757154	0.16977933320880026	2.9757752	0.16977939435546266
9650000	2.9757559000000002	0.16979993434301702	2.9757905	0.16978546352197932
9660000	2.9756736	0.1698037219469203	2.9757156	0.1697913294376135
9670000	2.9756746000000005	0.1697633806810534	2.9757095	0.16977942588312403
9680000	2.9757721999999998	0.1697667780989735	2.9757991	0.16980242611076882
9690000	2.9756652000000003	0.16975175512296575	2.9756967	0.16975599912329564
9700000	2.9757362000000005	0.16978450473352272	2.9757841000000003	0.16978191610482615
9710000	2.975733	0.16980029060543356	2.9757543	0.1698008971300687
9720000	2.9757081	0.16975718708483878	2.9757396	0.16973969157134325
9730000	2.9757062999999997	0.16975137065175097	2.9757510000000003	0.16975376785420906
9740000	2.9757227000000004	0.16981756092556713	2.9757478	0.16980148709649215
9750000	2.975721	0.1697958117760762	2.9757465	0.1697810240394193
9760000	2.9757403	0.16978958103410743	2.9757538999999995	0.16978253695431886
9770000	2.9757406	0.16979334825826584	2.9757506	0.16978680560926693
9780000	2.9757157	0.16976077032887382	2.9757452000000004	0.16977590445847932
9790000	2.9757200000000004	0.16977891252784943	2.9757319000000004	0.16979426906169773
9800000	2.9757451	0.16975472542109923	2.9757605000000003	0.1697420192611507
9810000	2.9757569999999998	0.1697601413070117	2.9757879000000003	0.16974852884969766
9820000	2.9757695	0.16975010514856229	2.9757987999999997	0.1697587615874235
9830000	2.9757319	0.16977894469707502	2.9757569000000004	0.16976953580568477
9840000	2.9757555	0.16977316795744937	2.9757897000000004	0.16974934722936283
9850000	2.9757727	0.16977703214909654	2.9758223	0.16978919990716462
9860000	2.9757788	0.1698176846991991	2.9758072	0.1698258980362059
9870000	2.9757875000000005	0.1698048880738236	2.9758051	0.1697795781274625
9880000	2.9757739	0.16977155335661837	2.9757914	0.16976443576229294
9890000	2.9757116999999997	0.1698217060477104	2.9757341999999998	0.16980141068150592
9900000	2.9757740000000004	0.1697764144836229	2.9757892000000004	0.16978748444226752
9910000	2.9758138	0.16977051421568193	2.9758388	0.16976840390816403
9920000	2.9757906	0.16975638904990664	2.9757876	0.1697573961268839
9930000	2.9757655	0.16979863962284197	2.9757719000000002	0.16981103264275027
9940000	2.9757515	0.16977486958938917	2.9757616	0.1697749559891597
9950000	2.9757631	0.16975904612753964	2.9757731	0.1697850717141144
9960000	2.9757426000000002	0.169815109860038	2.9757624	0.16980285697383443
9970000	2.9758074	0.16979039532194862	2.9758236000000005	0.16980815655637121
9980000	2.9757655	0.1697923721177703	2.9757857	0.16979369683529183
9990000	2.9757637	0.169780848238954	2.975804	0.16981009944603964
10000000	2.9758261000000004	0.16976285770640953	2.9758502000000004	0.1697693532215201
