10000	2.8980563	0.0064251383419123955	2.8980628	0.006517348540011642
20000	2.8990340999999997	0.006447326205893822	2.8990554000000004	0.006412474613647269
30000	2.8996484000000002	0.00622248959957483	2.8996033	0.006300828481203842
40000	2.9009236	0.006321346570348955	2.900942	0.006355464414810922
50000	2.9013138	0.006351496758329577	2.9012784000000003	0.0064586304544653516
60000	2.9021914	0.0061858201081514165	2.9021264	0.006296253318112759
70000	2.9032001	0.006261093457318885	2.9032453	0.006258705081668194
80000	2.9037942	0.006087170114264915	2.903745	0.006132159356896914
90000	2.9046122	0.005827722841171622	2.9046567999999997	0.00581867086976835
100000	2.9055549999999997	0.006094610674955313	2.9054767999999997	0.006224366996290029
110000	2.9060439	0.006074804197341347	2.9060991	0.006120376475201356
120000	2.9069642000000004	0.006123577104646969	2.9069914	0.006128984458333249
130000	2.9076757	0.006347589416573937	2.9076353	0.006347942996773857
140000	2.9087079	0.005977948097253218	2.9087435999999998	0.006042492097698657
150000	2.9094580999999997	0.005997551585023259	2.9094226	0.006025696495697255
160000	2.9103006999999996	0.006059636020314973	2.9103395	0.006127878968342197
170000	2.910721	0.00590118487957994	2.9107628000000005	0.005909170369388116
180000	2.9116068999999998	0.005938264508707516	2.9116424	0.005941575932744154
190000	2.9121012	0.005864084416688255	2.9120889	0.005785614931027651
200000	2.9128095000000003	0.005936327124555195	2.9127984000000002	0.005939240019734177
210000	2.9134439000000003	0.005806575506192018	2.9134413999999995	0.005848826789606167
220000	2.91433	0.005831260893117679	2.9143739	0.00577182837520251
230000	2.9148458	0.005740346151055174	2.9147421999999996	0.00569298069460886
240000	2.9157560000000005	0.005851129781479792	2.9157295	0.005895812102700562
250000	2.9164654999999997	0.00580830234458625	2.9165167000000003	0.005765927247809069
260000	2.9173633	0.005732589789588619	2.9173349	0.005743523313267739
270000	2.9177959	0.005714962290687835	2.9178062	0.005740166467191618
280000	2.918656	0.005615244872218396	2.9186257999999996	0.005651767585175172
290000	2.9187613999999997	0.0056447598136106164	2.9187352	0.005670461629805379
300000	2.9199325	0.005578840130995617	2.9198990000000005	0.005577747777577454
310000	2.9200288	0.005400201175209376	2.9200931	0.005431250396627912
320000	2.9209386	0.005463103104970237	2.9209254000000002	0.005483853342995916
330000	2.9216561999999997	0.005600983179101016	2.921646	0.005644709624661546
340000	2.9220599	0.0055581539259960365	2.9220859	0.005614564499987913
350000	2.9227912000000003	0.00525954802292036	2.9227658	0.0052628364792959076
360000	2.9235084000000002	0.005475656330728967	2.9234766	0.005468604765210048
370000	2.9243899	0.005545472049361557	2.9243549000000004	0.005529434929596383
380000	2.9245977	0.005463188733802003	2.9246583	0.005411768504689414
390000	2.9255433	0.0052688476791292686	2.9255043	0.005318924935780958
400000	2.9260659	0.0054257724054917935	2.9260185	0.005405536752032824
410000	2.9262576	0.005352181619497613	2.9262818999999998	0.005389107985082026
420000	2.9270939	0.005274538230361364	2.9271736	0.005217338753010362
430000	2.9273725999999995	0.005381802024697028	2.9274082	0.005322497697673691
440000	2.9281569999999997	0.0054879986451464415	2.9281853	0.005475497692902893
450000	2.9286328999999998	0.005145594692038488	2.9286432999999996	0.005190614374771797
460000	2.9293892	0.005064295651958949	2.9294220999999996	0.005101857557845045
470000	2.929933	0.00511548621337203	2.9299673000000004	0.005160623290140715
480000	2.9301257	0.005253447269956963	2.9301174999999997	0.005209141859165374
490000	2.9309043999999997	0.00505853827201588	2.9308349	0.0051732866617736255
500000	2.9312123000000003	0.005201855246737266	2.9312083	0.0052441836898198604
510000	2.9320266999999998	0.005393771396701922	2.9320465999999996	0.005441992624372416
520000	2.9322906000000004	0.005219426602037243	2.9323212	0.0053232290320187605
530000	2.9330671	0.005227469179634069	2.9330426	0.005306371907699533
540000	2.9333584	0.0051183421990784106	2.9334035	0.005221106942757228
550000	2.9341251	0.005121373688617001	2.9341364999999997	0.005176768942756351
560000	2.9342673	0.004951229684167902	2.9343125999999997	0.004980647356327092
570000	2.9349089000000004	0.0051115436678824	2.9350047999999997	0.00519186213148928
580000	2.9353659	0.004846939241419266	2.9353545	0.004889980742463275
590000	2.936031	0.0052227134456847004	2.9359896	0.005303910189973365
600000	2.9365881	0.005053874755080504	2.9365389	0.0051320790158594694
610000	2.9371354000000003	0.00493344968209525	2.937143	0.004974462410781311
620000	2.9372684	0.0048121240609504245	2.9373112	0.004869799740185374
630000	2.9377098999999998	0.004901673019325986	2.9376800000000003	0.004933690434279527
640000	2.9382034	0.004733209451493957	2.9381437999999998	0.004768717041534573
650000	2.9385272	0.004887808387286762	2.9384983	0.00496204484048653
660000	2.9391724999999997	0.004849508375235721	2.9391442000000003	0.004921142550668894
670000	2.9396283	0.004798649408546765	2.9396810999999996	0.004844636549143116
680000	2.9401351	0.0046866942606802325	2.9401612999999998	0.004784732591898519
690000	2.9405200999999996	0.004564050453987826	2.9405566	0.00461855036212093
700000	2.9410965	0.004833379698441804	2.9411118000000003	0.004831219456973718
710000	2.9414722	0.004690956430434235	2.9414294	0.0047168744465529875
720000	2.9417853	0.004751103755644245	2.9417766000000003	0.004820172871018897
730000	2.9422266999999995	0.004731126786577448	2.9422159999999997	0.0047996625673854135
740000	2.9427806	0.0046901365674168844	2.9427973	0.0047257227135291385
750000	2.9429953	0.004780227869933454	2.9429894000000005	0.004818764170212955
760000	2.9436552000000002	0.00473276367590988	2.9436687000000004	0.004788398382452011
770000	2.9439835000000003	0.004708284793392999	2.9439515000000003	0.004751458102951569
780000	2.9444338	0.004761799270474585	2.9444453000000004	0.004816020344845112
790000	2.9447957	0.004368543886203472	2.944759	0.004440479349896461
800000	2.9453193	0.004534388402881715	2.9453646	0.004550830352462824
810000	2.9456488	0.004629318432463811	2.9456558	0.00465911512132011
820000	2.9460129	0.00443869864212875	2.9459984999999995	0.004461074863633086
830000	2.9461351999999996	0.0044934922312642785	2.9461384	0.004517556170514515
840000	2.9466338	0.004430120034888844	2.946616	0.0045106152185316875
850000	2.9470687	0.004564662797672623	2.9470952	0.004628730074448293
860000	2.947512	0.00438600422172996	2.9475093	0.004431568831950188
870000	2.9477641	0.004365163896790802	2.9477681000000002	0.0044375177694240256
880000	2.9481961	0.004427570233002314	2.9481743	0.004465410328222858
890000	2.9482481	0.00436113699692017	2.9482231000000003	0.004421629473078578
900000	2.9489556	0.0044670329104477225	2.9490213000000005	0.004508545585140875
910000	2.9491511999999998	0.004357045145784285	2.949159	0.00439002862762322
920000	2.9497039	0.004332156780677768	2.9497060999999998	0.004370488984537544
930000	2.9498104	0.004297550555930759	2.9498291	0.004360527191451437
940000	2.9503407	0.004286010195204079	2.9503566	0.004378052510395891
950000	2.9508870000000007	0.004391539208138372	2.950893	0.004391422957948322
960000	2.9509025	0.004166709158942484	2.9509296999999997	0.0042186496553891385
970000	2.9512134	0.004145233817699955	2.9511894	0.004154880343724791
980000	2.9518815	0.0042615312269650716	2.9518253999999997	0.004250548435437712
990000	2.9520377	0.004283082243373751	2.9520532000000004	0.004269423583780102
1000000	2.9521369999999996	0.004384038183089968	2.9521438	0.004398161591549971
1010000	2.9526892	0.004302494022635566	2.9526529999999998	0.00430094979849441
1020000	2.9529624999999995	0.0042391855874029	2.9529446000000004	0.004276702119743793
1030000	2.9533913	0.004272639671182178	2.9533405000000004	0.004246773461680626
1040000	2.9536097999999997	0.004092746575899186	2.9535804	0.004100657414516751
1050000	2.9540758	0.004240657677476168	2.9540627	0.004265174137174281
1060000	2.9543905	0.004075871990443577	2.9543786	0.004099222568447057
1070000	2.9546516	0.0041734824062640286	2.9546659	0.004153634537350371
1080000	2.9546736	0.004009316357891662	2.9546612999999997	0.004020932753753817
1090000	2.9551217999999997	0.004162777134735112	2.9550948	0.004165513709551853
1100000	2.9553628	0.004023538868337797	2.9554040000000006	0.003995463393365997
1110000	2.9557223999999995	0.004047020708696289	2.9557524	0.004041708753689418
1120000	2.9562245000000003	0.004021554755645218	2.9562034	0.004039386721407729
1130000	2.9563205	0.004135610356769959	2.9563261	0.004143118900565638
1140000	2.9566819	0.004093318659431202	2.9566553	0.004085413383308045
1150000	2.9569558	0.0039015007456193102	2.9569631	0.003901606197570551
1160000	2.9570824000000004	0.003956372470221059	2.957084	0.0039429215856558305
1170000	2.9574229	0.0041331039350756904	2.9574139999999995	0.0040544818192739295
1180000	2.9576081	0.003984633194121098	2.9575729	0.003993821002022523
1190000	2.9581660000000003	0.003984349261678626	2.958182	0.003982594262168446
1200000	2.9582961	0.003942892490442923	2.958306	0.00397883087038079
1210000	2.9586878000000003	0.003913367553093572	2.9586943000000003	0.0038961156588616813
1220000	2.9588235	0.003837666665492906	2.9587923000000003	0.003814656250871405
1230000	2.9588696999999997	0.0039073545179992685	2.9588978999999997	0.003898461695796638
1240000	2.959547	0.0039023735750847244	2.9595487000000005	0.0038876074649843205
1250000	2.9595057000000002	0.0037724911132034776	2.9595057000000002	0.0037955056808511452
1260000	2.959801	0.004057052954877304	2.959799	0.004039561493164454
1270000	2.9601144999999995	0.003951208903842188	2.9601464	0.003912717265072498
1280000	2.9602467000000003	0.0038730672289233104	2.9602226999999997	0.0038404249209655944
1290000	2.9603586999999996	0.003711757191877113	2.9603519	0.0037001523640949594
1300000	2.960831	0.003800837455793833	2.9607994	0.0038247049569879277
1310000	2.9608583000000004	0.0036355230900295666	2.9608609	0.003642101878873798
1320000	2.9612042	0.0038049362543805957	2.9612218	0.003811938566613523
1330000	2.9615226000000003	0.0037239679344990557	2.9615378999999997	0.0037185051930676166
1340000	2.9616863	0.0037144473922010833	2.9616630999999995	0.0037446402658627555
1350000	2.962041	0.0036790970026291427	2.9620446	0.0036485068784973414
1360000	2.9621745	0.003516413643887033	2.962167	0.0035619374500962886
1370000	2.9622588	0.0038218934351220966	2.9622924000000004	0.003787601902017706
1380000	2.9626235	0.0034473964512791765	2.9625925000000004	0.0034777130758931597
1390000	2.9627669	0.003751774273620446	2.9627773000000004	0.003748135967815629
1400000	2.963027	0.003542058324925946	2.9630413000000004	0.0035185969980710777
1410000	2.9632017	0.0034284137922851623	2.9632134	0.0034785745530203833
1420000	2.9633601000000005	0.0036611531014192782	2.9633523	0.003670807750283252
1430000	2.9636413999999993	0.003550971055279865	2.9636515	0.0035367394979382125
1440000	2.9640415000000004	0.003364081567797485	2.9640515	0.0033576169140241865
1450000	2.9639895999999997	0.003513641631913748	2.9639528	0.003497276526542205
1460000	2.9643117	0.0034005907026761037	2.9643588	0.00339493566185696
1470000	2.9646938	0.0034896990643262563	2.9647023999999997	0.003477767834273747
1480000	2.9647341000000003	0.003319440596828916	2.964717	0.0033402377442613568
1490000	2.9651337	0.003411397359139205	2.9650901999999997	0.003435728188927084
1500000	2.9649322000000002	0.003511505921087677	2.964944	0.0034984143412270232
1510000	2.9652942	0.003333018958148211	2.9652744	0.003316242165780737
1520000	2.9653988	0.003316138618232856	2.9654251000000005	0.0033298450200959615
1530000	2.9656504999999997	0.0034016865260075363	2.965651	0.003404960022195964
1540000	2.9657641999999997	0.0033376366156575845	2.9657734000000002	0.0033368948600918276
1550000	2.9660379999999997	0.003433121367257832	2.9660819000000003	0.00346212777330917
1560000	2.9663032000000005	0.0033291399689608886	2.9662577000000003	0.0033411081565423418
1570000	2.9665348	0.003385094951080077	2.966549	0.0033823955415651246
1580000	2.9667978	0.0034605477240677632	2.9667956999999996	0.00345944783011528
1590000	2.9669153	0.003274134368938741	2.9669139999999996	0.0032655547534604047
1600000	2.9670338000000003	0.003341068736242987	2.9670343000000003	0.003343089852181629
1610000	2.9672465000000003	0.003292735923189084	2.9672614000000004	0.003284164395363879
1620000	2.9673995	0.0033541884756719317	2.9674030000000005	0.003378423411111276
1630000	2.9676799000000003	0.0033623609951136182	2.9677090999999995	0.0033731150432641794
1640000	2.9677556	0.0031980143739414237	2.9677588	0.003196382239254152
1650000	2.9679685	0.0032370783781716507	2.9679827	0.003243512152140185
1660000	2.9680691	0.00320855575298608	2.9680942	0.0032120217065648013
1670000	2.9682493999999995	0.0030440706309161096	2.9682418	0.003071192762589969
1680000	2.9682757	0.0032287124514416136	2.9682998	0.0032449020554323952
1690000	2.9685667	0.003150524863719846	2.9685665	0.003168606605089663
1700000	2.9688092999999998	0.0030952745006274087	2.9688123	0.0030874246389022866
1710000	2.9687368999999997	0.003139449718427502	2.96875	0.0031125146983986716
1720000	2.9689364	0.0031499773645849286	2.9689384	0.0031280969343085384
1730000	2.9692431999999997	0.003207528955754262	2.9692418	0.0031749855579661017
1740000	2.9692296000000002	0.0031603087493774135	2.9692326	0.0031203836357143752
1750000	2.9694699	0.003141316899305428	2.9694729	0.0031698365026375432
1760000	2.9697326000000004	0.0030027143609630247	2.9697112000000003	0.003040219975182307
1770000	2.9698419	0.003008465598150545	2.9698119	0.003033267066893244
1780000	2.9700829000000004	0.0032109356420983804	2.9701091	0.0031937669510058784
1790000	2.9700395	0.0031201129554640876	2.9700067	0.003132075191467321
1800000	2.9703436	0.003051273391439927	2.9703697999999994	0.0030417462386234948
1810000	2.970522	0.0031680518544608045	2.9705064	0.003178880986184351
1820000	2.9705806000000003	0.0030194205637076375	2.9705825	0.003008127753700395
1830000	2.9707381	0.003056311409105655	2.9707496	0.003049133820785349
1840000	2.9707030999999997	0.003019144850056988	2.9707096	0.003029039934190853
1850000	2.9708528000000003	0.003109701336527733	2.9708335000000003	0.003123267928396878
1860000	2.9711143	0.0030463397209923395	2.9710823	0.00304904466733162
1870000	2.9713273	0.0029481581277717005	2.9713418000000003	0.002964638568500691
1880000	2.9711982	0.002929795293268871	2.9711874000000003	0.0029445528746537488
1890000	2.9715758	0.0029173215669728793	2.9715879999999997	0.0029284965583199984
1900000	2.9716926	0.0029739484880558424	2.9717001	0.0029563203175264723
1910000	2.9717472	0.0028319908778688305	2.9717906999999997	0.0028196904376481067
1920000	2.9718293000000005	0.002862034722492503	2.9718147999999998	0.0028689949620192903
1930000	2.9720567	0.0030118842203106975	2.9720767	0.0030132717960577194
1940000	2.9722691000000006	0.002972889715960426	2.9722705	0.002967299212181785
1950000	2.9723205	0.0028437328578061905	2.9723447999999997	0.002843416602958137
1960000	2.9724203	0.002889599920005825	2.972443	0.0028870375795936524
1970000	2.9726297	0.0029369360741261464	2.9726098000000003	0.002953334750099647
1980000	2.9726918999999996	0.0028709138852526603	2.9726790000000003	0.0028831808357665935
1990000	2.9729422000000003	0.002889759483048693	2.9729116999999996	0.0028870795517855646
2000000	2.9730031	0.0028990938472452255	2.9730032	0.0029018943383160526
2010000	2.9731213000000003	0.0028460457280736536	2.9731472	0.002836169250241601
2020000	2.9731524	0.002824335516738598	2.9731668	0.002822861368595049
2030000	2.9730824	0.002839396487356497	2.9730658	0.0028538701678483764
2040000	2.9732221	0.0028374235782770564	2.9732453	0.002832999081149485
2050000	2.9736623	0.002832877318893978	2.9736574	0.0028105095986678567
2060000	2.9737317	0.0028055795099027896	2.9737599	0.002816443563138513
2070000	2.9737889000000006	0.002760370706342976	2.9737723000000003	0.0027509981280801916
2080000	2.9739065	0.0028101289249026547	2.9738899	0.002769938726858505
2090000	2.9741880000000003	0.0027516117762808327	2.9742066000000005	0.002732827251178672
2100000	2.9741693999999996	0.002765815137237726	2.9741766	0.0027564670414410063
2110000	2.9740466999999997	0.002787076767314977	2.9740401000000003	0.002811659192970838
2120000	2.9742581	0.00279555531505272	2.9742541	0.002812257453004967
2130000	2.974377	0.0027867574377790708	2.974362	0.002787853677675375
2140000	2.9745162	0.0026096182992283883	2.974509	0.0026405968552112853
2150000	2.9747857	0.0026930053449237272	2.9747711	0.002686244720925605
2160000	2.97461	0.002652669722497821	2.9746194999999997	0.002673016042743617
2170000	2.9749252999999998	0.0027356120857101526	2.9748934	0.0027493408874338108
2180000	2.9747542	0.002672913546455773	2.9747348000000002	0.0026762943618950956
2190000	2.9751506	0.0026537034087821113	2.9751439	0.002652402312626804
2200000	2.9752237999999998	0.002694218323071155	2.9752186	0.00269984132555659
2210000	2.9753676999999996	0.0026561554683172902	2.975375	0.002642093044473574
2220000	2.9752227	0.002559989894171114	2.9752248	0.0025693319027378344
2230000	2.9753379	0.0026590871242466525	2.9752914	0.002678914448544899
2240000	2.9755191000000005	0.002644185490261015	2.9755085999999995	0.002643371607143693
2250000	2.97565	0.002621761551635393	2.9756194999999996	0.0026375796815597085
2260000	2.9756758	0.0026410470441643823	2.9756705	0.0026397590947050582
2270000	2.9757825	0.0026576317948046766	2.9757683999999998	0.002636724057187956
2280000	2.9758455	0.0025472393248727482	2.9758374000000005	0.0025519823380763884
2290000	2.9758941	0.0025934458064804746	2.9759081999999997	0.0025773698988689276
2300000	2.9760784	0.0026656442184018257	2.9760595999999997	0.0026689006858388094
2310000	2.9761619	0.002624791023666056	2.9761585	0.002625730795838029
2320000	2.9760816	0.002618074818593956	2.9760687	0.0026456170546017366
2330000	2.9761653999999997	0.0026179259684674743	2.9761736	0.0026130884545440274
2340000	2.9762352	0.0025448530875548064	2.9762427	0.002552214824522127
2350000	2.976075	0.0026329997507952107	2.9760585	0.0026244228594769774
2360000	2.9761782999999995	0.0026312245157820414	2.9761961	0.002619189749702179
2370000	2.9761257000000003	0.0024964538433129074	2.9761233000000002	0.0024870892068284737
2380000	2.976077	0.0025415094472124805	2.9760895	0.002515497461234549
2390000	2.9759862999999998	0.0024657214141285454	2.9759588000000003	0.0024854134142713205
2400000	2.9761261999999995	0.002653879544485133	2.976091	0.0026529110307239633
2410000	2.9761211000000003	0.0025520575596541233	2.9761284999999997	0.0025614563843268565
2420000	2.975984	0.002569869301779413	2.9760061	0.002571004249870628
2430000	2.9760472	0.00263194971823538	2.9760461	0.0026243650817068267
2440000	2.9760726	0.002689204540577203	2.9760822000000005	0.002656162336597365
2450000	2.9761555	0.0025620839221274587	2.9761556000000002	0.002565375175250158
2460000	2.9760536	0.002620575214424196	2.9760345999999998	0.0026196345785863555
2470000	2.9761611	0.0025728848646075345	2.9761674	0.0025702224190297697
2480000	2.9762847000000003	0.002530426637736999	2.9762943	0.0025313801364858996
2490000	2.9760434	0.0025822750791859037	2.9760375999999997	0.002574901232349767
2500000	2.9761602	0.0024974693818570226	2.9761572000000003	0.0024969266714909366
2510000	2.9761418999999996	0.002607322865032732	2.976159	0.0026048193956748843
2520000	2.9761701000000005	0.0026685271269048425	2.9761602000000003	0.002678243631365329
2530000	2.9761475	0.002598666353500727	2.9761771	0.002591548130309703
2540000	2.9760731000000002	0.002525613809574836	2.9760646	0.002508816653524328
2550000	2.9760259	0.002665419976974299	2.9760161	0.0026870189543173745
2560000	2.9760264	0.0025254942409677246	2.9760243	0.0025381295498085963
2570000	2.9760272999999997	0.002588529543040833	2.9760414	0.0025852252183183955
2580000	2.9762405	0.0025611304416485914	2.9762296	0.0025325832301856957
2590000	2.9760483000000004	0.0026137882467788076	2.9760318000000003	0.002622729011443511
2600000	2.9760872	0.0025887676369032923	2.9760609999999996	0.002603593228155604
2610000	2.9762452999999995	0.0026580562772772795	2.976259	0.002660386561508807
2620000	2.9761198999999996	0.0025757811705652708	2.9761219	0.002583393952596911
2630000	2.9760942999999997	0.0025137375333129665	2.9760959	0.0025304537906048357
2640000	2.9761778000000003	0.0025728557570813596	2.9761849	0.0025655572638462088
2650000	2.9762748	0.0026486449894767517	2.9762763	0.0026397265893395964
2660000	2.9760155999999998	0.0025928709222828015	2.9760369	0.0025876987024332104
2670000	2.9760758000000003	0.00252803586314066	2.9760838	0.0025267849536915925
2680000	2.9761191	0.0025923629251197646	2.9761010999999997	0.002590289248016208
2690000	2.9761347999999996	0.002562931442231257	2.9761241	0.0025718288227433595
2700000	2.9760820000000003	0.0026443692421234707	2.9760788000000002	0.002641944441208103
2710000	2.9762247000000004	0.002544522451169275	2.9762352	0.0025490387518746346
2720000	2.9760508	0.002616112268883618	2.9760416	0.0026155975972597173
2730000	2.9760492999999997	0.0025711846492425376	2.9760434	0.0025542122935340405
2740000	2.9762296	0.002546701696219937	2.9762119999999994	0.0025447262390346846
2750000	2.9761557	0.0025827927381670258	2.976159	0.0025651313609440854
2760000	2.9759193	0.0026194157457053013	2.9759301000000002	0.002622441837523031
2770000	2.9760983999999997	0.002519906221939091	2.9760954	0.0025299999485651663
2780000	2.9761684	0.0026483835400816468	2.9761868000000002	0.0026482823035241477
2790000	2.9760051	0.002511432117593721	2.9759868000000003	0.002536383054469293
2800000	2.9760576000000003	0.0025818613921448686	2.9760402	0.0025750174124993105
2810000	2.9762163999999998	0.0026302412834584557	2.9761813999999998	0.0026261970510513756
2820000	2.9760438000000002	0.0026123372419857753	2.9760389999999997	0.0026081106650679546
2830000	2.9760567	0.0025824880163041095	2.9760668999999997	0.0025963581157970937
2840000	2.9759731	0.002539778901177596	2.975987	0.0025564989119275295
2850000	2.9760372999999998	0.00270170277934267	2.9760110000000006	0.002694921446276603
2860000	2.9760842000000003	0.002556514448644115	2.9760721	0.0025742140874776055
2870000	2.9761223	0.002666620252974459	2.9761276000000003	0.002642790680811207
2880000	2.9760518	0.0026077494352634988	2.9760463	0.0025949528107636283
2890000	2.9761995	0.0024995955128235647	2.9761686	0.0025218909520385692
2900000	2.9761216	0.002628974124053896	2.9761171999999996	0.0026541606448609533
2910000	2.9762447	0.002520048125046925	2.9762515	0.002512682097146654
2920000	2.9760644999999997	0.0025828745596701013	2.9760822	0.002549502524635566
2930000	2.9761996999999996	0.0026678244314791767	2.9761729	0.0026809556343052616
2940000	2.9761117000000006	0.002627576310455559	2.9761052	0.0026232526402187027
2950000	2.9760909	0.0025771008204256555	2.976102	0.002602169726840897
2960000	2.9760527000000003	0.0026044377139424557	2.9760465999999997	0.002583781020977667
2970000	2.9760878999999996	0.0025486347578908	2.9760899999999997	0.002549969086546412
2980000	2.9762508	0.0025464295913422857	2.9762319	0.0025289103933864025
2990000	2.9762264	0.0026286713284381733	2.9762293	0.0026133697042728526
3000000	2.9759952000000003	0.0026320799389085436	2.9760225	0.0026339440790213095
3010000	2.9761840999999998	0.0026174315918736295	2.9762017000000003	0.002610916313096606
3020000	2.9761792999999996	0.002617069078293607	2.9761774	0.0026310628521059205
3030000	2.9760942	0.00252372652154617	2.9760909	0.0025204483430234887
3040000	2.9761686	0.0025868138018894232	2.9761781999999997	0.002581392714863125
3050000	2.9761542	0.0026015784767272777	2.976174	0.002584237272829698
3060000	2.9761958999999996	0.0025331581237814688	2.9761995	0.002515949075349044
3070000	2.976159	0.002596486229645894	2.9761776	0.002595626228006546
3080000	2.9761173	0.002625067940395388	2.9761197	0.0026377527650728832
3090000	2.9761078	0.0025518877897139783	2.9760956	0.0025657754858607216
3100000	2.9760959000000002	0.0024941920904742215	2.976112	0.0025121837247834952
3110000	2.9761827	0.0025260664523566487	2.9761743	0.0025072007429732357
3120000	2.9761192000000003	0.002613201136571807	2.9761037	0.0026369280801151313
3130000	2.9761165000000003	0.0025561360647628965	2.9761184	0.0025309894008761365
3140000	2.9761275	0.0025064548801177495	2.9761287	0.0025159364551288386
3150000	2.97599	0.002574184613897462	2.975989	0.002576489335762384
3160000	2.9760942999999997	0.002667165401935409	2.9760929000000003	0.002643340091028174
3170000	2.9759708	0.002610586624213514	2.9760013	0.0025853844051750767
3180000	2.9760797	0.0025934965074459067	2.9760787	0.002581747805602189
3190000	2.9762537	0.002644136488112476	2.9762395	0.0026482754979633523
3200000	2.9760442999999994	0.002674748921261917	2.9760421	0.0027079347297341715
3210000	2.9761168	0.0026013928970851337	2.9761295	0.0026045582108053223
3220000	2.9761719	0.00258215179606039	2.9761743000000003	0.0025721558070022636
3230000	2.9762925	0.0025237795492501357	2.9762750999999996	0.0025196067963887563
3240000	2.9762131	0.0024506415556000897	2.9762225	0.00244958449828011
3250000	2.9760453	0.002537947810552664	2.976036	0.002550813723236296
3260000	2.9760573999999997	0.002543378464565195	2.976074	0.0025557182348012663
3270000	2.9761490000000004	0.0026341901901643216	2.9761162	0.0026439758259424605
3280000	2.9761946	0.0025484515780068153	2.9762218000000003	0.0025312510724920115
3290000	2.9761537	0.0025646683672229114	2.9761615999999997	0.0025804038296212313
3300000	2.9760263	0.0026168160111165683	2.9760147999999997	0.0025941029914655113
3310000	2.9763381	0.0026227995477099307	2.9763561	0.0026015747117814902
3320000	2.9760554999999997	0.002528256678391612	2.9760479999999996	0.002551753798360546
3330000	2.9761934	0.0024902244191352765	2.9761873	0.0024795073435395693
3340000	2.9761021	0.0026676622747289396	2.9761151	0.0026584712636136274
3350000	2.9761409000000003	0.0026297019835948244	2.9761495000000004	0.002605822338544986
3360000	2.9761885	0.002693219482548939	2.9762024	0.0026979201272485866
3370000	2.9762713000000005	0.0026446323733915035	2.9762732	0.002641397118711751
3380000	2.9761282000000002	0.0026199788260688364	2.9761390999999997	0.0026230023506148984
3390000	2.9761057	0.002657186133515699	2.9761067	0.002665766572943217
3400000	2.9761373	0.002557702201303071	2.9761201	0.002561477533994228
3410000	2.9762345999999997	0.002548383231991818	2.9762354999999996	0.0025494252919666693
3420000	2.9762827	0.00255272542924559	2.9762501	0.002567908515532468
3430000	2.976172	0.0025576860162572256	2.9761577000000004	0.002547758187462413
3440000	2.9761208999999997	0.0024918552390804207	2.9761146	0.002503592381921391
3450000	2.9761667	0.0025196090052902087	2.9761852	0.002524669268422083
3460000	2.9759536	0.0025904048404134152	2.9759629999999997	0.0025771326338806405
3470000	2.9761454999999994	0.0026257597689743734	2.9761490999999998	0.002623749845784323
3480000	2.9762208	0.0024643377041956563	2.9762325	0.0024640221498913443
3490000	2.975966	0.0026173831768953257	2.9759683	0.002608407349111512
3500000	2.9761205	0.002565199797286751	2.9761408	0.0025374818569152777
3510000	2.9761683000000003	0.0026378027054943126	2.9761593000000004	0.002643308644594984
3520000	2.9761643	0.0026265403526738776	2.9761669	0.0026257816206072993
3530000	2.9760883	0.002584111209050555	2.9760971	0.0025866875618331888
3540000	2.9761761	0.0025613823356674895	2.9761743	0.002558913352879994
3550000	2.9760773	0.0025966164767110165	2.9760892	0.002571625286976442
3560000	2.9761089000000003	0.002579341736527706	2.9760668999999997	0.002614645436911236
3570000	2.9761731	0.002681581113311181	2.9761587	0.002675534113554297
3580000	2.97615	0.0025161022973581113	2.9761389	0.0025196796573325655
3590000	2.9761378000000005	0.0024964822417921527	2.97614	0.002496913009012241
3600000	2.9761459999999995	0.0025873419446100178	2.9761411	0.0026012203169161036
3610000	2.9762341	0.0024882159087202286	2.9762408	0.002492707152665334
3620000	2.9761776	0.0025564102709607238	2.9761794	0.0025556852637144347
3630000	2.9761179	0.002545366079462531	2.9761134	0.002514968291153084
3640000	2.9762254	0.0025492888643136704	2.9762051	0.0025695303999907176
3650000	2.976124	0.0025674609745536276	2.9761135999999997	0.0025885354074370996
3660000	2.9760589	0.0026046237453526393	2.9760538999999997	0.002626557365372702
3670000	2.9759888	0.002601092124520043	2.9759914	0.002611483464601272
3680000	2.9761470999999995	0.0026146984985344337	2.9761256000000005	0.002612862738777471
3690000	2.9760956999999997	0.002485451463814765	2.9760876	0.0024541942281142578
3700000	2.9760788000000002	0.0025320746359382704	2.9760643	0.002534553110406149
3710000	2.9760663	0.002690939513527842	2.976063	0.0026888698408478314
3720000	2.9761552	0.0026694791774949387	2.9761493	0.0026729467174177153
3730000	2.9762014	0.0025264879143152763	2.9761840999999998	0.0025184001924891796
3740000	2.9760553	0.0026381910397016376	2.9760617000000003	0.002637115372426378
3750000	2.9762151	0.002656407063777771	2.9762394000000003	0.0026404923479987244
3760000	2.9762041	0.0025308532965006856	2.9761592	0.002540344210674743
3770000	2.9760807	0.002626639820521028	2.9760675	0.002653355242715154
3780000	2.9761767	0.0025124250017442037	2.9761583999999996	0.002513592565947709
3790000	2.9760752999999998	0.00249290482860547	2.9760699000000006	0.0024939654877030324
3800000	2.9760747999999997	0.00255535414273536	2.9760743	0.002552023184129083
3810000	2.9759713	0.0026343777740210775	2.9759489	0.002639720992248401
3820000	2.9761055	0.00265004953019986	2.9760805	0.0026358865012833283
3830000	2.976179	0.002562581867146064	2.976175	0.002554596046532794
3840000	2.9760924000000006	0.0025966140731045477	2.9760855	0.0025863234172892576
3850000	2.9760600999999998	0.0025314039574899955	2.9760659	0.0025506416767086273
3860000	2.9761843	0.002598290712107594	2.9761963999999996	0.0025735170545442337
3870000	2.9760231	0.0024731949140904944	2.9760126000000002	0.0024737867452270155
3880000	2.9761428000000008	0.002600906163796158	2.9761368000000004	0.0026069257415242617
3890000	2.9759888	0.002577001260282099	2.9759953	0.002575546806282373
3900000	2.9760834	0.0024953459061202677	2.976081	0.002517267493858299
3910000	2.9761298000000003	0.0026163098128923904	2.9761374999999997	0.002602502020511558
3920000	2.9760888000000003	0.002674956065050405	2.9760879	0.0026809795301794503
3930000	2.9762556	0.002485442830979225	2.9762681999999994	0.0024823115498725473
3940000	2.9761091	0.0025697413801316206	2.9761252	0.002560124840549615
3950000	2.9762071999999997	0.002500996430054058	2.9761975	0.0024959594474998075
3960000	2.9760817999999998	0.0025660189424891694	2.9760937	0.0025918773385594745
3970000	2.9762645	0.002606665389814055	2.9762461	0.002597254419674843
3980000	2.975993	0.0025381988601079737	2.9759995	0.002537871261616823
3990000	2.9760560999999996	0.00263055937637466	2.9760774000000003	0.0026185006751547357
4000000	2.9762779999999998	0.0025185430429236324	2.9762473	0.0025434625831554612
4010000	2.9761663000000005	0.0024986912109677987	2.9761561999999997	0.002509613460220459
4020000	2.9761648	0.002528456852322	2.9761475	0.0025159259992363937
4030000	2.9760697	0.0025603060514471795	2.9760631999999996	0.0025564783084042306
4040000	2.9760888999999997	0.0025063376704902523	2.9760845	0.00251230599876516
4050000	2.9761037	0.002542491016812171	2.9761156	0.0025469518259291076
4060000	2.9762555999999996	0.002580416087995727	2.9762376	0.002567219674444869
4070000	2.9759446	0.00262872231721439	2.9759402	0.0026606245287305965
4080000	2.9759953	0.0026017026668638996	2.9760019999999994	0.0025994948304186626
4090000	2.9761279000000003	0.0026132356553878813	2.9761196	0.0026208519043823698
4100000	2.9761416	0.0025754343909916043	2.9761727999999996	0.0025723719127018247
4110000	2.9761651000000002	0.0026186426406211443	2.9761829000000004	0.0026076651448196874
4120000	2.9760206	0.0026574720690531787	2.976046	0.0026605869132059422
4130000	2.9763134	0.002579762705292026	2.9763093999999994	0.0025825842447791273
4140000	2.9760410999999993	0.002612716417270929	2.9760537	0.002617563360827762
4150000	2.9760983999999997	0.0026869456855539695	2.9761113	0.002685195073469068
4160000	2.9762237	0.0026334508488622633	2.9762290000000005	0.002636522378105342
4170000	2.9761084	0.002638991040855136	2.9760923000000004	0.0026383919007269972
4180000	2.9761027999999996	0.002605248448704935	2.9761066	0.002608873830345705
4190000	2.9760546999999997	0.0025087989122251236	2.9760725000000003	0.002525635084999926
4200000	2.9760606	0.002548046345767713	2.9760929999999997	0.002553462584642896
4210000	2.9760697	0.0026319458674237627	2.9760647	0.0026326212421471876
4220000	2.9760642	0.002678453373212324	2.9760516	0.0026807991577371335
4230000	2.9761457	0.002622113076697292	2.9761666	0.0026094700177955233
4240000	2.9762649999999997	0.002510597159661045	2.976263	0.0024947534537093615
4250000	2.9760452000000006	0.0026077264421708714	2.9760496	0.002600519667786134
4260000	2.9760589	0.0025773908771728245	2.9760716	0.002548789863792174
4270000	2.9761075	0.0025034018396515494	2.976113	0.002493441045673275
4280000	2.9760816	0.0025849029310910606	2.9760941999999995	0.0025748934806000072
4290000	2.976141	0.0026088512999220734	2.9761503	0.0026186326865650887
4300000	2.9760405	0.0025976214865502194	2.9760243	0.002605591798156155
4310000	2.9760542	0.002550644653445118	2.9760589	0.0025533351347424627
4320000	2.9761047	0.0025338998714547777	2.976108	0.0025239584716009807
4330000	2.9760926	0.0025133288806007976	2.9760898	0.002506730871007024
4340000	2.9760899	0.0025400432692790544	2.9761045000000004	0.002524242767950726
4350000	2.976092	0.0026293324988272966	2.9761165000000003	0.0026443922856793714
4360000	2.9762828	0.0026614634221697516	2.9762646999999998	0.002668794929622046
4370000	2.9760937000000003	0.002696394045915916	2.9761139	0.0026868785060188503
4380000	2.9759973	0.0026328567459405487	2.9759604	0.0026316187522620496
4390000	2.9762153	0.0024718426155230623	2.9762239	0.002469801350049975
4400000	2.9762227	0.002587313065498434	2.9762110999999996	0.0025795117116754183
4410000	2.9760127	0.002594424743512464	2.9759986999999994	0.0026066727936304235
4420000	2.9761126000000004	0.0025151316321670157	2.9761189999999997	0.002514741124434669
4430000	2.9761461	0.0027225423829624717	2.9761575	0.00270936605397174
4440000	2.9760826000000002	0.0024805423460062715	2.9760797	0.0024979186350855107
4450000	2.9760936	0.002559939907953368	2.9761043999999997	0.002582043297000955
4460000	2.9763292000000003	0.0027144604722956663	2.9763326	0.0027232688874647302
4470000	2.9762201	0.0025849154295213826	2.9762113	0.002567515227694756
4480000	2.9762185	0.0025554251990515964	2.9762075	0.0025654073877388476
4490000	2.9762117	0.002605114149078644	2.9762266	0.002582824698546811
4500000	2.9761737	0.002624154053117776	2.9761794	0.002647112170430798
4510000	2.9761153000000005	0.0025657121406714336	2.9761309999999996	0.0025817095545828256
4520000	2.9762392	0.00245452399622575	2.9762398999999995	0.0024609742754414026
4530000	2.9762809999999997	0.00261683909456559	2.9762752	0.0026092284363453157
4540000	2.9760799	0.0025793485667953116	2.9761088	0.0025541311920389133
4550000	2.9762815000000002	0.0025891642515532875	2.9762648	0.00256227363999362
4560000	2.9762782	0.002578016860094391	2.9762756	0.002610440391780475
4570000	2.9763254	0.002582712768630151	2.9763286	0.0025729870388912345
4580000	2.9762358000000004	0.0025573733631440074	2.9762421000000003	0.0025719783557920203
4590000	2.9761173	0.0025440760666758824	2.9761116000000003	0.00255158696423148
4600000	2.9761273999999998	0.002495647711015615	2.9761320999999996	0.002503135089298071
4610000	2.9761958999999996	0.0026303063893207794	2.9761835999999997	0.002666514830512166
4620000	2.9761243	0.0026055111203366907	2.9761094	0.0026070382214858877
4630000	2.9761642000000004	0.00266087177417451	2.9761646	0.0026871597771006574
4640000	2.9760666000000002	0.002588049930438438	2.9760381	0.0026059526817230113
4650000	2.9761872000000005	0.002558863799412525	2.9761773	0.002558472296213208
4660000	2.9762485	0.0025277197465536087	2.9762183	0.002555097578104141
4670000	2.9760648	0.0025729634861577587	2.9760557999999997	0.0025790032217152497
4680000	2.9763157000000002	0.0025898360490117446	2.9763224	0.0025729007089388594
4690000	2.9761508999999995	0.0025907626755921126	2.9761502999999996	0.002577526634887323
4700000	2.9761801	0.002518260436417492	2.9762060000000004	0.0025179006779108264
4710000	2.9761663	0.0025854242840835165	2.9761600999999995	0.002587522611159805
4720000	2.9760906	0.0026031996251321683	2.9761116000000003	0.0025886495603975744
4730000	2.9761808000000003	0.0025864030700648334	2.97619	0.0025818609579150347
4740000	2.9761054999999996	0.002577476116888991	2.9760853	0.00256442004362782
4750000	2.9760386	0.002658822931182021	2.9760352	0.002672804677645719
4760000	2.9761533	0.002622904637751578	2.9761602000000003	0.002602715906527278
4770000	2.9760754	0.002572608239346427	2.9760716	0.0025907577010337046
4780000	2.9760683	0.0025241585699964375	2.9760697	0.0025278888686277546
4790000	2.9760498	0.0025399313398616072	2.9760564	0.0025504006711855247
4800000	2.9760769	0.0026551697339937275	2.9760581000000004	0.0026591286834892636
4810000	2.9760802	0.0025049436526003287	2.9761054999999996	0.002485799458715229
4820000	2.9760861999999997	0.0025857292115679005	2.9760812	0.00261651920167476
4830000	2.9760717000000003	0.0026548818255258504	2.9760651	0.002645840596570854
4840000	2.9760720000000003	0.0025984202484947974	2.9760858	0.002591009782245463
4850000	2.9760971	0.002566208685398944	2.976076	0.0025739715090360464
4860000	2.9760037	0.0026283120694343565	2.9759950999999996	0.002612610135807048
4870000	2.9762592000000003	0.002592279937675568	2.9762484	0.0026221390224496206
4880000	2.9761980999999995	0.0026033408869707776	2.9761985000000006	0.0025782853421034034
4890000	2.9760949	0.002671029462283852	2.9760896000000003	0.002675195041208862
4900000	2.9760266	0.0025884498280848585	2.9760151	0.0025897661822795676
4910000	2.9762134	0.0025224676971733963	2.9762186	0.002515189897447147
4920000	2.9760904	0.0025733032720085098	2.9760968	0.0025710270204608748
4930000	2.9759901	0.0026476862035052853	2.9759583000000003	0.0026713268420575373
4940000	2.9760885	0.002537115429913411	2.9760909	0.0025601604659887182
4950000	2.9760254000000006	0.002603365581771482	2.9760573999999997	0.0026017136956541106
4960000	2.9761323	0.0025454402322537375	2.9761422000000004	0.0025388511033388535
4970000	2.9761443	0.0025171220497650455	2.9761272	0.0025311473419907518
4980000	2.9760212	0.002496766790151697	2.9760256	0.0024934758996352935
4990000	2.9761372	0.002581367780774291	2.9761111999999996	0.002564474817792341
5000000	2.9761093	0.0026034825967598918	2.9761271	0.0026120371988791248
5010000	2.9762543999999997	0.002601870552193238	2.9762442	0.0026049360936598936
5020000	2.9760124	0.0025419889747888198	2.9760058999999996	0.002555156358036429
5030000	2.9761289	0.0026214589138181866	2.9761228	0.002602132058764741
5040000	2.9761084	0.002686336882419222	2.9760971	0.0026946879101174027
5050000	2.9761468	0.002599470524358179	2.9761715	0.0026125204330326277
5060000	2.9762521	0.0025917161462209837	2.9762144	0.0025685268092760817
5070000	2.9761043	0.002582874900716794	2.9761075	0.002582964470420651
5080000	2.9760051	0.0025816368526264135	2.9760345	0.0025575575948257392
5090000	2.9761418	0.0025738876544359208	2.9761378	0.0025733700459501345
5100000	2.9763291	0.002569308182086083	2.9763129	0.002571146511652801
5110000	2.9762011999999998	0.0025863270573629423	2.9761732	0.0025954340750706894
5120000	2.9761178	0.0025998812554696646	2.9761318	0.0025977176322489136
5130000	2.9762159	0.002536527382300684	2.9762077	0.002566058332416732
5140000	2.9761509	0.0025924698821953667	2.9761452	0.0025715656534317528
5150000	2.9760517999999996	0.0026162686447728585	2.97604	0.0026366782268741162
5160000	2.9761243	0.002565751857174141	2.9761361	0.0025670599109850556
5170000	2.976089	0.002626544828807942	2.9760888999999997	0.0026248498293477006
5180000	2.9761782	0.0026517459373998284	2.9761944	0.002640640380972314
5190000	2.9761891	0.002567045171186304	2.9762017999999997	0.0025768618466997734
5200000	2.9759912999999996	0.002592526857238989	2.9760147	0.0025805528793580606
5210000	2.9762223000000003	0.002609617369043368	2.9761887	0.002605588494256406
5220000	2.9761393	0.0025801555597895023	2.9761547	0.002565642303679609
5230000	2.9760201000000004	0.002567679685819267	2.976018	0.002563487364405658
5240000	2.9760654	0.0026027826104608343	2.9760654000000004	0.002604985372087293
5250000	2.9760532000000004	0.0026535770633677163	2.9760725	0.0026574792465691895
5260000	2.9762154	0.0025865717065631827	2.9762109	0.002570739171890038
5270000	2.9761149000000002	0.0025343383477469785	2.9761208999999997	0.0025324823112228517
5280000	2.976212	0.002617656992069073	2.9762203	0.00260312392408893
5290000	2.9761026999999998	0.0025620942677889538	2.9761315999999995	0.0025405148406682496
5300000	2.9762507	0.0024943378342219893	2.976244	0.0024980040080080017
5310000	2.9761385000000002	0.0025386911396825473	2.976157	0.0025229499155306847
5320000	2.9761017	0.002632602838961412	2.9761058999999994	0.0026205118340263726
5330000	2.9761818000000004	0.0025369282143499323	2.9761710000000003	0.0025540285946053995
5340000	2.9761694	0.0025833345229097277	2.9761858	0.002573760401164528
5350000	2.9761411	0.0025531979182213007	2.9761406	0.0025637364108629353
5360000	2.9761669	0.0025912060394223265	2.9761745	0.002579285261940304
5370000	2.9759435000000005	0.0025560107474228194	2.9759463999999998	0.002556560784147915
5380000	2.9760792	0.0025201028308936583	2.9760891000000003	0.0025212075832183353
5390000	2.9761614	0.0026200600670127317	2.9761779	0.00261442858514567
5400000	2.9761031000000004	0.002524355910477512	2.9761080999999994	0.0025269645703768586
5410000	2.9761148000000004	0.002530625421713973	2.9761186000000004	0.0025445567018262355
5420000	2.9761261	0.0025990544191828438	2.9761450999999997	0.002578675155104943
5430000	2.9760584	0.0026094441244522886	2.9760628	0.0026066243785115343
5440000	2.9762421	0.0025444865890788255	2.9762511000000003	0.0025506988953725705
5450000	2.9762902	0.0025713373438224192	2.9762843	0.0025865447461282626
5460000	2.9760381	0.002618705024626862	2.9760177	0.0026164216732729338
5470000	2.9761493	0.0026487535569405837	2.9761312	0.0026614789178255782
5480000	2.9761477999999997	0.0026908057521113546	2.9761438000000005	0.0027007138714449895
5490000	2.9759627999999996	0.0026501281741340976	2.9759721	0.0026071802735865685
5500000	2.9760744000000003	0.0026859260672696976	2.9760882	0.0026783304901027843
5510000	2.9761699999999998	0.0025357227549339606	2.9761594	0.0025175284684764857
5520000	2.9761797	0.0026068935160078574	2.9761893	0.0026257170258616766
5530000	2.9760592	0.002656281459332042	2.9760443	0.0026727946687580273
5540000	2.9762348	0.002658419860773717	2.9762491	0.002679944270183861
5550000	2.9761632	0.002655303447140531	2.9761674	0.0026529710694795515
5560000	2.9760924999999996	0.002655425584541022	2.9760764	0.002676700911153081
5570000	2.9761260000000003	0.0025609925190602676	2.9761395000000004	0.002552744847464437
5580000	2.9761534000000003	0.0025746800611760245	2.9761493	0.0025887682845768946
5590000	2.9759390999999997	0.0025716988207845825	2.975943	0.0025850132095007286
5600000	2.9761543	0.002630939633164038	2.9761358	0.0026555923125605127
5610000	2.9762326	0.002480445494230786	2.9762381	0.00247318722401783
5620000	2.9760792	0.002562583499945747	2.9760855	0.002554134560541659
5630000	2.9761203999999997	0.002611348881896661	2.9760919999999995	0.002604503683898226
5640000	2.9762303	0.0025423444741862647	2.9762134000000007	0.0025558742013121315
5650000	2.9761371	0.002578317535004423	2.9761248	0.0025937294370061716
5660000	2.9760838999999994	0.002544587533514165	2.9760754	0.0025462400079682567
5670000	2.9761935	0.0026331162243719976	2.9762058	0.0026421520257788648
5680000	2.9760552000000002	0.002590885108538325	2.9760426000000004	0.0025942735968851596
5690000	2.9761835000000003	0.002497485772769327	2.9761824999999997	0.0024955864444458167
5700000	2.9761168	0.0025649828258483337	2.9761292000000004	0.0025448504128187254
5710000	2.9760736	0.002503019805784234	2.9760683000000006	0.0025175788594030825
5720000	2.9760265999999995	0.002593781050925484	2.9760163000000004	0.0025863475217966178
5730000	2.976129	0.002624562311572596	2.9761062000000003	0.002633282312198171
5740000	2.9761958	0.00244147151184344	2.9762070999999994	0.0024723414129246054
5750000	2.9761501	0.0026173059202699777	2.9761283	0.0026307888855170722
5760000	2.9761641	0.0025736637183079903	2.976153	0.0025924065212793194
5770000	2.9762228	0.0025972188405495797	2.9761966	0.0025935062588539662
5780000	2.9760659000000005	0.0025981912531197146	2.9760841	0.0025987286469696196
5790000	2.9761005999999997	0.00263712610128413	2.9761181000000003	0.0026160171895337255
5800000	2.9760842000000003	0.002590200667805383	2.9760753999999996	0.0025983083046563224
5810000	2.9760974	0.00258956349199611	2.9761003	0.0025782896438312423
5820000	2.9761635	0.0025669138662597914	2.9761797	0.002552664099329168
5830000	2.9761341	0.0024948770714409113	2.9761377	0.002487459781818818
5840000	2.9761212	0.0025204807841726104	2.9761149000000002	0.002547044449047842
5850000	2.9760668999999997	0.002551227773671559	2.9760681	0.002564497814200472
5860000	2.9760168000000005	0.0024872885567147895	2.9760399000000004	0.002485291665914612
5870000	2.9760532	0.0025543520654902814	2.9760551	0.0025603533739309123
5880000	2.9761687	0.002637215428290829	2.9761682	0.0026277392895364946
5890000	2.9761709	0.0026405559501221916	2.9761528000000004	0.002637371397412176
5900000	2.976112	0.002625095641519974	2.9761283	0.0026200828124210013
5910000	2.9760993	0.002617147104953973	2.9761026000000004	0.002593835234015689
5920000	2.9761531999999997	0.0025464788069635147	2.976166	0.002544637337456789
5930000	2.9760506999999996	0.0025389694515444384	2.9760846	0.002517471052564553
5940000	2.976032	0.0026943190893721812	2.9760345999999998	0.002693239012114667
5950000	2.9761252000000002	0.002567613210278678	2.9761352	0.002555721556170128
5960000	2.976152	0.002532937380152097	2.9761546	0.002553644442740595
5970000	2.9761558	0.0026587281160726454	2.9761498999999993	0.002650533024754703
5980000	2.9761025	0.0025200345879222157	2.9761177	0.002522895501544148
5990000	2.9760886999999996	0.0026262977267914145	2.9761005999999997	0.0026427682198527855
6000000	2.9762257	0.0024812993282464593	2.9762294000000002	0.002500413507343872
6010000	2.9761056	0.002475030184546119	2.9761047	0.002477027164480347
6020000	2.9762921	0.002672476327251495	2.9763163	0.0026497104134745072
6030000	2.9761661	0.0025608277233403693	2.9761588000000003	0.002573625090432968
6040000	2.9762318999999997	0.0026348272627830308	2.9762412000000005	0.0026228346920501534
6050000	2.9760500000000003	0.0024752306492055918	2.9760384999999996	0.0024876285988961497
6060000	2.9761893	0.0026496445282577254	2.9761916999999998	0.0026686143619137964
6070000	2.9761587	0.0025916560325380776	2.9761620000000004	0.0025965743197910204
6080000	2.9760576000000003	0.0026214870654715063	2.9760489	0.002597526888395167
6090000	2.9759997999999994	0.0026415332020736787	2.9759948	0.0026334327270556785
6100000	2.976155	0.002615847407181394	2.9761588000000003	0.0026137012059518137
6110000	2.9761303	0.002613335307883665	2.9761187	0.0025961587683249188
6120000	2.9762159	0.0025692135076805186	2.9762053	0.0025938214703058915
6130000	2.9762601	0.0025903180765569677	2.976273	0.002602541877515948
6140000	2.9762236000000004	0.002508987456735892	2.9761964	0.002504955457057436
6150000	2.9761013000000003	0.002570999484315063	2.9760931	0.0025731894010534296
6160000	2.9762155	0.002646335738874192	2.9762258000000004	0.0026567861925403083
6170000	2.9762528	0.002542832703533239	2.9762524	0.0025668039899304196
6180000	2.9763203000000003	0.0025811897354612373	2.9763124	0.002577205507565933
6190000	2.9760396	0.002563256156165846	2.9760282	0.002566591543692158
6200000	2.9761835000000003	0.002674698443144903	2.9761786	0.0026990195899153353
6210000	2.9762182000000004	0.0025794189582466365	2.9762033000000003	0.002572986468944081
6220000	2.9760456000000004	0.0025895224011902784	2.9760812999999997	0.002583740704100555
6230000	2.976095	0.0026351126766836347	2.976121	0.0026499473997083772
6240000	2.9760172999999996	0.0026593651371958887	2.9760436	0.00263115221946621
6250000	2.9759661	0.0025878829046013458	2.9759652	0.0025958133999205704
6260000	2.9761363000000003	0.002538648665539798	2.9761472	0.002526031075223142
6270000	2.9761363000000003	0.0025790160204298114	2.9761466	0.0026008946716645515
6280000	2.9762904	0.0026197501657469	2.9762904	0.0026344730570435314
6290000	2.9762424999999997	0.0025286513851908985	2.976233	0.0025233942455586502
6300000	2.9760912	0.0025403022843149387	2.9760771	0.002529712441174895
6310000	2.9760501000000006	0.0025935509434935945	2.9760396	0.0025821811515653764
6320000	2.9760473000000003	0.0025945914157367088	2.9760679	0.002565252445688359
6330000	2.9760783	0.0025586257396648846	2.9760729	0.0025356429313046153
6340000	2.9761957000000003	0.0025747895158732986	2.9761802	0.0025426625991454483
6350000	2.9760771999999998	0.0026379687335218857	2.9760854	0.0026415041897343964
6360000	2.9760586000000004	0.0025979598602433023	2.9760608000000004	0.0025798602751000033
6370000	2.9762097000000005	0.00257756081009347	2.9762214000000005	0.002576925024633533
6380000	2.9760591000000005	0.0026328480926705684	2.9760654	0.002630479473834045
6390000	2.9760961999999997	0.002541882516310837	2.9761129	0.0025456637629494563
6400000	2.9760913999999996	0.0026713521224582494	2.9760823	0.0026581200710863945
6410000	2.9761244	0.002603394380861697	2.9761059999999997	0.002615990712408468
6420000	2.9760535	0.0025797796442744905	2.9760592999999997	0.0025638890453834073
6430000	2.9762037	0.002509109790730949	2.9762262	0.0024869456082629634
6440000	2.9760762	0.0026251180554033777	2.9760554999999993	0.002611043335009453
6450000	2.9761278	0.0025490792386594985	2.9761580999999997	0.002524755191851029
6460000	2.9761800000000003	0.002611923073549853	2.9761962	0.0026148696149336207
6470000	2.9760931	0.0025530492455983753	2.9760802999999996	0.002540786789068984
6480000	2.9760897999999996	0.002576457663943678	2.9760806000000004	0.0025991805207371326
6490000	2.975981	0.0025608586444778544	2.9759895999999997	0.0025690916823017567
6500000	2.9761027999999996	0.002653362487956085	2.9761192000000003	0.002642512863589159
6510000	2.9760011	0.0025770700572704803	2.975986	0.002554025655127026
6520000	2.9760824999999995	0.002748173248943053	2.9761106999999996	0.002770474876450066
6530000	2.976085	0.002499059883296176	2.9760638	0.002521985323107564
6540000	2.9763247	0.0025568960924581235	2.9763338000000004	0.0025698368861897867
6550000	2.9761792000000002	0.002591768628682849	2.9761898	0.0025940016971476346
6560000	2.976192	0.0025961193801202188	2.9761887	0.0026013475967888865
6570000	2.9762082	0.0025550461876492564	2.9762037	0.0025634874249306793
6580000	2.9761581	0.002604634045025994	2.9761776	0.002609119726219119
6590000	2.9760736000000003	0.002677302932241886	2.9760776	0.0026717216053204983
6600000	2.9760788000000002	0.002542104020856124	2.9760814	0.002542707100591685
6610000	2.9762105	0.0026487006938054284	2.9762074000000003	0.0026437766159028565
6620000	2.9760591	0.002586009403431209	2.9760977999999993	0.002584723574380039
6630000	2.9760342	0.002620090692177508	2.9760441	0.002607977518449252
6640000	2.9761474000000003	0.0026177864783144666	2.9761414999999998	0.002645003552699647
6650000	2.9761985999999996	0.0026344369983543523	2.9762004	0.002615102024510431
6660000	2.976163	0.0026337630318059553	2.9761649	0.002620596404545253
6670000	2.9761558999999997	0.0026276014689216973	2.97616	0.002619301574989169
6680000	2.9760988000000004	0.002629154048550793	2.9760929	0.002629729085868928
6690000	2.9760853	0.0024789956291468725	2.9760802999999996	0.0024848372836719763
6700000	2.9760956999999997	0.0026882742286322555	2.9760822	0.0026739433676002027
6710000	2.9760881	0.002754671778380607	2.9761273	0.002710817818158064
6720000	2.9761306000000003	0.00244791256296378	2.976116	0.0024423613838105724
6730000	2.9762406	0.0025877496185079656	2.9762385	0.00259464832876248
6740000	2.9761354	0.002634845204039365	2.9761102999999998	0.002638720666678599
6750000	2.9761688	0.0026158572723429018	2.9761555000000004	0.002620908031371737
6760000	2.9761809	0.00258406319051461	2.9761404000000002	0.002624884351330129
6770000	2.9761005	0.002579535569391076	2.9761022999999995	0.002606990815310078
6780000	2.9761546	0.0025467321580183184	2.9761813999999998	0.002569353151206659
6790000	2.9760600999999998	0.002522629907785057	2.9760377	0.0025122818851136654
6800000	2.9762014	0.0026343154058801753	2.9762063	0.0026317173568311328
6810000	2.9761805999999997	0.0026498765038177707	2.9761689	0.0026215253546714268
6820000	2.9760885000000004	0.00260038838825468	2.9760966000000004	0.002593791856760324
6830000	2.9760345999999998	0.002510861857463933	2.9760581000000004	0.0024748938339834857
6840000	2.9760624	0.002540618228105308	2.976036	0.0025417561890402696
6850000	2.9760989999999996	0.002549953188052927	2.9761064999999998	0.00252532473456682
6860000	2.9760694999999995	0.002560092542042924	2.9760861999999997	0.0025485023885459465
6870000	2.9761281	0.0026023859826710496	2.9761518000000002	0.002576150871613165
6880000	2.9760747000000003	0.0026283984455155143	2.9760873	0.002600232666497343
6890000	2.9759924	0.0026168473646986253	2.9760063999999997	0.0026426241697416015
6900000	2.9761017	0.002527131477288734	2.9761392	0.0025275584883266127
6910000	2.9759953	0.0026017796154107994	2.975984	0.00260423232950249
6920000	2.9761702999999997	0.002636508882801091	2.9761909	0.002633078101821188
6930000	2.9760858	0.002558829022417477	2.9760758999999997	0.0025724320392571326
6940000	2.9761068999999996	0.0025683143554924483	2.9761127	0.002576972933404516
6950000	2.976091	0.002647494707875396	2.9761073	0.0026600625260776566
6960000	2.9761170000000003	0.0025493666410052163	2.976111	0.0025709587372863083
6970000	2.9761731	0.0025725637940534085	2.9761713000000003	0.002589774747587758
6980000	2.9761589	0.002539576783686647	2.9761714	0.0025283739269963096
6990000	2.9760397	0.002549987518860894	2.976032	0.0025620148164910953
7000000	2.9760060000000004	0.0025370061884828782	2.9760141	0.0025274095412079543
7010000	2.9761882000000006	0.002607420065773707	2.9761943	0.0025971451004271296
7020000	2.9760277	0.002648591653643073	2.9760296	0.002664391642162015
7030000	2.9762077	0.002485209644472065	2.9761949	0.002498873417834186
7040000	2.9761234000000005	0.0026402278771430407	2.9761219999999997	0.002611554367846119
7050000	2.9761611999999995	0.002548212696763746	2.9761628	0.002549100640240406
7060000	2.9759997000000005	0.0026288592223264514	2.9760144	0.002637105793662239
7070000	2.9761311	0.0025975507810358663	2.9761245	0.00261761373232408
7080000	2.9761699	0.002541417477077075	2.9761454	0.0025575691584002183
7090000	2.9760482999999995	0.0027164528757602693	2.9760531	0.0027178552439611546
7100000	2.9760606	0.0026603430352240475	2.976057	0.0026510713266864687
7110000	2.9761508	0.002573258832885063	2.9761444	0.0025737662894895663
7120000	2.9762093	0.0026912797135371304	2.9762250999999997	0.002688752383426062
7130000	2.9760733	0.002552169798559778	2.9760752000000004	0.002536742008959518
7140000	2.9762198	0.0025616693990657947	2.9762116	0.002556247218060063
7150000	2.9761786999999997	0.002588148918595072	2.9761915	0.0025866752093447404
7160000	2.9760485	0.0025529699186252505	2.9760546999999997	0.002542648810389073
7170000	2.9761197999999998	0.0026297382918236377	2.9761106	0.002618125707872374
7180000	2.9761254	0.0026666206527561653	2.9761187999999996	0.0026681389629338095
7190000	2.9760870000000006	0.0025859269166041764	2.9760885	0.002607657498144192
7200000	2.9759737	0.0024888858677855935	2.9759783000000004	0.0024774658316406525
7210000	2.9760971	0.0026395660436706013	2.9761146999999997	0.0026429868121671195
7220000	2.9761728	0.002579448335151086	2.9761611	0.002592056238885552
7230000	2.9761406999999998	0.0025480317847263833	2.9761506	0.0025521114616945863
7240000	2.9761686	0.0026218902243130534	2.9761889999999998	0.0026360363593258174
7250000	2.9761138000000003	0.002562865161852616	2.976098	0.0025529303659625
7260000	2.9761056	0.002548855685460691	2.9760906	0.0025723936030181737
7270000	2.976198	0.0026040731935176482	2.9761979999999997	0.002583220669828468
7280000	2.9761219999999997	0.0026460229472620644	2.9761273	0.0026537911216441465
7290000	2.9761862	0.0025421825764984406	2.9761675	0.0025495046035894317
7300000	2.9760155	0.0025689704862764313	2.9760112	0.0025575409235387768
7310000	2.9759831000000005	0.0025551189841224635	2.9760013	0.002556690238369708
7320000	2.9760988999999998	0.0026265085831455688	2.9760985	0.0026593721082259223
7330000	2.9762129999999996	0.002596550225409301	2.9762133	0.0025719541321839396
7340000	2.9763758	0.0025832436020452095	2.9763838000000002	0.002585529447235617
7350000	2.9760687	0.002609225626190337	2.9760711	0.0026129566265692796
7360000	2.9763422	0.0025378060642254727	2.9763487000000004	0.0025275337261324005
7370000	2.9760902000000002	0.002605592652943477	2.9761095999999996	0.0025952385445471293
7380000	2.9760631	0.0026543500078105645	2.9760592999999997	0.0026565750320480036
7390000	2.9762156999999996	0.002520356265631044	2.9762064	0.0025507107176559927
7400000	2.9762893	0.0025602324699722638	2.9762717000000003	0.0025587607090868
7410000	2.9762201	0.0026203458172924772	2.9762313999999996	0.0026050182648419424
7420000	2.9760961	0.0025920828851878344	2.9760998	0.002589305788134041
7430000	2.9761379	0.002569656927826497	2.9761636	0.002573526389621457
7440000	2.9762065000000004	0.002625258031076131	2.976209	0.0026465190464198536
7450000	2.976165300000001	0.0026108854116243096	2.9761710000000003	0.002617611676870892
7460000	2.9761746000000002	0.002545583397737105	2.9761656	0.0025441795316937456
7470000	2.9761781000000003	0.0026367751085318142	2.9761831	0.002639323856676257
7480000	2.9761039	0.0025720789996383038	2.9761121000000004	0.0025674452993910786
7490000	2.9761315	0.002552734652133703	2.9761271	0.0025416639521474186
7500000	2.9760414	0.002557766253629952	2.976063	0.0025541171693002807
7510000	2.9762466	0.0025770932947508573	2.9762643	0.0025667808386915006
7520000	2.9761304	0.0026065705534379893	2.9760988	0.002604746295373742
7530000	2.9761924	0.0025573388946759073	2.9761853	0.0025718725548592863
7540000	2.9760495999999996	0.002548795047899334	2.9760476	0.002558217879446296
7550000	2.9761486999999995	0.0024619178193736138	2.9761426	0.002482568909091624
7560000	2.9760592	0.002593731443847418	2.9760676999999998	0.00258283133938856
7570000	2.9762356	0.0025381124196249935	2.9762524999999997	0.002520874562241948
7580000	2.9761841999999996	0.0026318580959157046	2.9761722	0.002616561398773877
7590000	2.9761782999999995	0.002574172774985289	2.9761684999999996	0.00256829396368171
7600000	2.9760619999999998	0.002574246053263504	2.9760793	0.0025697597504776844
7610000	2.9761238	0.0025695984893357145	2.9761246	0.0025463736683485525
7620000	2.976235	0.002633216441698028	2.9762509999999995	0.0026238528166807732
7630000	2.9761125999999996	0.0026278864182127408	2.9761208000000003	0.0026246630671795117
7640000	2.9760595000000003	0.002627385183581366	2.9760752	0.0026162319525664434
7650000	2.9761722	0.002640822050252739	2.9761857	0.002670538763487107
7660000	2.9761989000000004	0.0026318349768451195	2.9761737000000004	0.0026373459962439273
7670000	2.976238	0.0027446035868315846	2.9762384	0.002732319712444173
7680000	2.9761159	0.002653220075072316	2.9761036999999995	0.0026324106624719267
7690000	2.9761223	0.0026212446725999523	2.9761372	0.0026489154220006588
7700000	2.9760780999999996	0.002633086313346668	2.9760833000000004	0.002632173901825153
7710000	2.9760600000000004	0.002621719552777029	2.9760516	0.002610028676028228
7720000	2.9760054	0.002620698170125445	2.9759793	0.0026397745964229363
7730000	2.9763216000000003	0.002661942782889845	2.9763081000000002	0.0026652707288487656
7740000	2.9761481000000005	0.002565462529055524	2.9761684000000006	0.002527613552398843
7750000	2.9762375000000003	0.002515498257101654	2.97625	0.0025114353082067126
7760000	2.9761304	0.0026140637270673332	2.9760999999999997	0.002625054458656216
7770000	2.9761694000000003	0.002629981072258961	2.9761743999999997	0.002628648784914874
7780000	2.9761012	0.002583802352076216	2.9761108999999997	0.0025781734170082764
7790000	2.9762421999999997	0.0026506159519864244	2.9762303	0.0026419371191876806
7800000	2.9761372	0.0025680948719374163	2.9761406	0.0025721640048153283
7810000	2.9761292	0.0025786657163883895	2.9761372	0.0025768772684116015
7820000	2.9760921	0.0026801960825732526	2.9760921	0.002688284669536403
7830000	2.9761346000000004	0.0025984485322543467	2.9761320999999996	0.0025959349892607964
7840000	2.9760790999999998	0.002694860936201622	2.9760913	0.002683933271861984
7850000	2.9762217	0.0025528172645111103	2.976216	0.0025509000550964613
7860000	2.9760218999999997	0.002701404815642767	2.9760237000000003	0.0027308874118234998
7870000	2.9762811	0.0026293547300233694	2.9762691000000006	0.002634888579774824
7880000	2.9760908	0.0026131865804232325	2.9761047999999994	0.002604776731664692
7890000	2.9761687	0.002596307208540834	2.9761460000000004	0.002615213823637238
7900000	2.9759415	0.0026152528170900143	2.9759415	0.002583819628742279
7910000	2.9760294999999997	0.0026448430851271566	2.9760338	0.0026428208531911537
7920000	2.9760478	0.0025205253833691476	2.9760397999999997	0.0025417585440982555
7930000	2.9760884	0.0026320739452479766	2.9760915999999997	0.0026339603617342357
7940000	2.9760122	0.002579776425662969	2.9760147999999997	0.0025717415917651653
7950000	2.9762756	0.002575581149616187	2.9762619999999997	0.002571145034179666
7960000	2.9762075	0.0025756217846526967	2.9761876000000003	0.0025940885751137223
7970000	2.9760736	0.002594597266431722	2.9760577999999995	0.0025870585675689685
7980000	2.9763391	0.002550475664678277	2.9763506	0.0025489128264020006
7990000	2.9760108	0.0025196690441587934	2.9760378	0.002534406118674425
8000000	2.9759589	0.002552962672740905	2.9759526000000003	0.002551082370536327
8010000	2.9760858	0.002571410218248057	2.9760849	0.0025607145973827725
8020000	2.9761354	0.0026420914986970963	2.9761309999999996	0.002623608645038791
8030000	2.9761908999999998	0.002492564958044235	2.9761706000000006	0.002515874652136956
8040000	2.9761718999999998	0.002517426826707737	2.9761589999999996	0.0025090584637218736
8050000	2.9759173	0.002521544942867157	2.9759399	0.002510442253928642
8060000	2.9761805000000003	0.0025158058408845936	2.9761999	0.0025287832518297725
8070000	2.9760849000000005	0.0026938929171459354	2.9760834	0.002689560963833721
8080000	2.975985	0.002569403984747596	2.9760036	0.0025989269827106443
8090000	2.9759553999999997	0.0025912208059648777	2.9759732	0.00260752390994616
8100000	2.9761335	0.0025719453051440745	2.9761382999999997	0.002598386946689181
8110000	2.9762785000000003	0.0025310539275139794	2.9762492000000003	0.002532206830302651
8120000	2.9761929	0.0024590214265793587	2.9761794	0.0024650135764193917
8130000	2.9761687	0.0026834103303447518	2.9761709	0.002664887392520524
8140000	2.9761946	0.0025809905757968894	2.976187	0.002583215826059452
8150000	2.9760235	0.0025678690974622774	2.9760311	0.0025886722492455523
8160000	2.9761119	0.00263117682444215	2.9761377	0.0026273926052080387
8170000	2.9760647	0.0025862081088694946	2.9760607	0.00259225486696337
8180000	2.976116	0.0026931351575769365	2.9760994	0.002695159276095479
8190000	2.9761359	0.002490161057460356	2.9761281	0.0025074703981897337
8200000	2.9761428999999997	0.0025891878038264197	2.9761273999999998	0.002590617791288497
8210000	2.9760846	0.0025456950727460246	2.9760636	0.0025437227768696715
8220000	2.9760438000000002	0.0026481756728726274	2.9760486	0.002660909333006005
8230000	2.9760501	0.00257577845022133	2.9760212999999993	0.0025834532201184823
8240000	2.9761467999999995	0.00265814888889157	2.9761457	0.002652809625455418
8250000	2.9761580000000003	0.002647426082984165	2.9761501	0.0026709387682805224
8260000	2.9762007	0.0024939224444956464	2.976207	0.002490749853926494
8270000	2.9760410999999998	0.0025123599946549726	2.9760614999999997	0.002510256787489904
8280000	2.9761067999999997	0.002645080378780617	2.9761047	0.002652403278755542
8290000	2.9760362999999996	0.0025424626696229865	2.9760486	0.002544317509980153
8300000	2.9761203999999997	0.0027356036568493085	2.9761313	0.0027230691169001517
8310000	2.9760638999999998	0.0026270798119467807	2.9760375	0.002631392782915157
8320000	2.9761107	0.0025723865733366506	2.9761137	0.0025566225041309194
8330000	2.9761143000000003	0.002550555006433073	2.9761086	0.002555937960682699
8340000	2.9761896	0.002532165812837631	2.9761938	0.002553096132122687
8350000	2.9762555999999996	0.0026510708811378104	2.9762577	0.0026664828596562997
8360000	2.9761366	0.002526104044104604	2.9761414999999998	0.00250937935249629
8370000	2.97629	0.002559658542042633	2.9762994999999997	0.0025535054611533796
8380000	2.9762060999999997	0.0025820689126880127	2.9762028	0.00258391733396964
8390000	2.9761517	0.002527264167864965	2.9761543	0.0025128302421424703
8400000	2.9760537	0.002528422280638504	2.9760806999999994	0.0025062279801902837
8410000	2.9761871	0.0025230992092305036	2.9761681	0.0025064825642411395
8420000	2.9761745	0.0025688399499946817	2.9761849000000002	0.002589387363241904
8430000	2.9761876000000003	0.0027082209475411526	2.9761909999999996	0.0026759558553421103
8440000	2.9761286000000005	0.00250538599800489	2.9761234	0.002531853613999575
8450000	2.9761452999999998	0.0026433284122664466	2.9761448	0.002643588758018443
8460000	2.9760726	0.00252985165363295	2.9760641999999997	0.002558277378069692
8470000	2.9762037	0.002603865669812172	2.9762049	0.002594991323679125
8480000	2.9761596	0.0025699051056901345	2.976147	0.0025883876739682486
8490000	2.9761907	0.00255990167908977	2.97619	0.002552699801440875
8500000	2.9762198	0.002540614626952046	2.976229	0.0025489362636354897
8510000	2.9761311	0.0025405899683710017	2.9761425	0.0025561568198542994
8520000	2.976108	0.0025958224697182728	2.9760996000000004	0.0026117965696664303
8530000	2.9761796	0.0025666927653600724	2.9762061999999996	0.002553707693331987
8540000	2.9761382999999997	0.002640229899823863	2.9761446	0.0026531396476608578
8550000	2.9761610000000003	0.00253232139580497	2.9761537	0.0025495149217716496
8560000	2.9761384	0.002582315587567436	2.9761499000000002	0.0025730099825632975
8570000	2.976127	0.0025477327061412696	2.9761301	0.002528841440072713
8580000	2.9760897	0.002559815729025536	2.9760855	0.002569923005510912
8590000	2.9761887000000002	0.0025833303903887183	2.9761791000000004	0.0025759714320657315
8600000	2.9760956999999997	0.0025259675417593965	2.9761161	0.0025331971652198526
8610000	2.9760147999999997	0.002583182880439126	2.9760035	0.002587979015638528
8620000	2.9761690000000005	0.0025422946843869725	2.9761937	0.002527607388244681
8630000	2.9759775	0.0026025020205115656	2.9759849999999997	0.0025995369958114784
8640000	2.9762028	0.0025648997779388677	2.9762102999999995	0.00255419808116713
8650000	2.9760768	0.002670031990600631	2.9760956999999997	0.0026338201378451297
8660000	2.9760968999999995	0.002620054403075456	2.9760798	0.0026070920369041174
8670000	2.9762734999999996	0.0024987860415973356	2.9762740000000005	0.002488199175133523
8680000	2.9760115999999996	0.0025515359640373063	2.9759986	0.002539197819305452
8690000	2.9759751	0.0025043046003894068	2.9759685	0.0024876386586673107
8700000	2.9760722	0.002576067406587666	2.9760666999999996	0.002599291716492673
8710000	2.9760146	0.002561946605690759	2.9760298	0.0025684526292904233
8720000	2.9761310000000005	0.002638006459066777	2.976136	0.002639380671735377
8730000	2.9761554	0.0025451146238329647	2.9761557	0.002525332614689563
8740000	2.9761567000000007	0.0026029503376861535	2.9761838	0.0025929483105031027
8750000	2.9761735	0.0026095166846232917	2.9761859	0.002605355843079603
8760000	2.9760969999999998	0.002573922313527754	2.9760836	0.0025940663484614645
8770000	2.9761602	0.002525516619267069	2.9761260000000003	0.0025427366181949456
8780000	2.9761008	0.0025737644848788377	2.9760891000000003	0.0025703731262227223
8790000	2.9762169	0.002686857568534956	2.9762271	0.0026642135093913953
8800000	2.976081	0.002563667566474128	2.9760704999999996	0.0025545499555646735
8810000	2.9760014999999997	0.0026350733123314328	2.9760162	0.0026299075979915997
8820000	2.9761631	0.0025616577602170947	2.9761615	0.002568654460166978
8830000	2.9761152	0.0026447994109050827	2.9761131	0.002649082110095121
8840000	2.9760673	0.002549070118389933	2.9760698000000003	0.0025349860185243825
8850000	2.9762507	0.002537052649462783	2.9762251	0.0025527350913180247
8860000	2.9761577999999997	0.0027031881892288587	2.9761653	0.0026947110007155516
8870000	2.9760609999999996	0.00256871510629289	2.9760739999999997	0.00256940184202974
8880000	2.9760999000000004	0.00262292770387209	2.976102	0.0026407896110386617
8890000	2.9761823	0.0025728653960800847	2.9761686999999997	0.0026080898072041937
8900000	2.9760901000000004	0.00254326171877181	2.9760830000000005	0.002534141446895353
8910000	2.9760392	0.00254524687243529	2.9760457	0.0025618791413208187
8920000	2.9761747	0.002553050719820887	2.9761517000000004	0.002571008984270027
8930000	2.9761018	0.002669266142920509	2.9761208000000003	0.002645075383383954
8940000	2.9761175	0.002689791577191203	2.9761113999999997	0.002692522928355429
8950000	2.9762364000000003	0.002519321738488752	2.9762133	0.002556142988366837
8960000	2.9761999	0.002618886893044173	2.9761883000000005	0.0026139406641689025
8970000	2.9760682	0.0027180869663711543	2.9760619999999998	0.002743418003575529
8980000	2.9760693999999996	0.0026307079397501066	2.9760701	0.002630147080234038
8990000	2.9761883	0.0025241641219450254	2.9762169999999997	0.002518263817127315
9000000	2.9761631000000004	0.0025746295087074366	2.9761717	0.0025769730110926444
9010000	2.9761382000000003	0.002512252410123659	2.9761228	0.0025161102859316297
9020000	2.9761031000000004	0.0025168263358453617	2.9761066	0.002483099317832894
9030000	2.9760870000000006	0.0026068845096871547	2.9761064999999998	0.0026100229826516775
9040000	2.9761334	0.002568829173635987	2.9761422999999994	0.0025713367112228745
9050000	2.9762531	0.0025314024548436327	2.9762536	0.002510009399820484
9060000	2.9760763999999997	0.002567273638304636	2.9760720999999997	0.0025580177960766864
9070000	2.9762033999999997	0.0026465851304752737	2.9762060999999997	0.0026417250995327797
9080000	2.9762057	0.0025563278980448275	2.9762029	0.002527181876762771
9090000	2.9762250999999997	0.0024562477772291525	2.9762299999999997	0.0024568630763996922
9100000	2.9760149	0.0026127407840052623	2.9760153999999996	0.002619206575106877
9110000	2.9759816999999997	0.0027530263827766467	2.9759772	0.0027845059945408035
9120000	2.9761212	0.0026542599073292846	2.976132	0.002666669669667982
9130000	2.9761246	0.0026887923765966824	2.9761268	0.002698299943034978
9140000	2.9760522999999997	0.0025652514935626185	2.9760605	0.0025594922837841763
9150000	2.9761550000000003	0.0025939011784035463	2.9761471	0.0026185049471326486
9160000	2.9761571	0.0025408473971286556	2.9761192000000003	0.0025561778900157505
9170000	2.9761877	0.002497357704756265	2.9761824999999997	0.002484168843868074
9180000	2.9762364	0.0026252251040333424	2.9762160000000004	0.0026206663068563145
9190000	2.9761181	0.0025890897581535726	2.9761143999999997	0.0025821541704863626
9200000	2.9760575	0.002459758964647586	2.9760556	0.0024648578385302756
9210000	2.9761352999999997	0.0025356208871365822	2.9761575000000002	0.002541437123489909
9220000	2.9761692	0.002576037136247712	2.976174	0.002580446221625765
9230000	2.9761862	0.002674023178650469	2.9761557999999995	0.002689769733865944
9240000	2.9760983000000003	0.0026476512548232545	2.9760945999999997	0.002667486893374792
9250000	2.9760154	0.002570554529783518	2.97599	0.0025851311190929786
9260000	2.9759687	0.002574874810605419	2.9759721999999997	0.00255406546713478
9270000	2.9760264	0.0025688211074113136	2.976018	0.002558468636071537
9280000	2.9762269999999997	0.002584571726807174	2.9762272000000003	0.002598112844037065
9290000	2.9761513	0.002521304282565921	2.9761544	0.0025355412853293475
9300000	2.9760474	0.002486402106545804	2.9760519	0.0024599324498159767
9310000	2.9761089000000003	0.002502429408183763	2.9760891000000003	0.0025100780230267023
9320000	2.9760935	0.002594578884826897	2.9761020999999994	0.002574815578884288
9330000	2.9760559	0.0026377002583031703	2.9760806	0.0026435264083931238
9340000	2.9761042000000004	0.0025237138291596115	2.9760968	0.0025274330214028703
9350000	2.97601	0.002645021008637947	2.9760115999999996	0.0026556087245107585
9360000	2.9760771999999998	0.00259281369227387	2.9760644	0.002593383557879219
9370000	2.9761543	0.002596374909883523	2.976125	0.002596859387544628
9380000	2.9761943	0.002543451720921125	2.9761726	0.002541197931473844
9390000	2.9761401000000007	0.0024934593097400487	2.9761509	0.002499505294396612
9400000	2.9761572	0.0025992815208100177	2.9761604999999998	0.002602791630975142
9410000	2.9761126000000004	0.0025575070052850425	2.9761247	0.0025435741938617928
9420000	2.9761490999999998	0.0025749581743398377	2.9761604999999998	0.0026124614264529675
9430000	2.9761818999999994	0.0025011913857896514	2.9761927999999997	0.0025140820926868573
9440000	2.9759729	0.002577463658116035	2.9759794000000004	0.002592075325775555
9450000	2.9762365	0.0025636087532694635	2.9761952000000003	0.0025847200501674713
9460000	2.9762794999999995	0.002576367096789078	2.9762826999999996	0.0025848737459075737
9470000	2.9760778	0.0025240281056037946	2.9760689	0.002534100324465166
9480000	2.9760736999999997	0.0025589815741221505	2.9760778	0.0025744737472102926
9490000	2.9762033000000003	0.0026055379363843383	2.9762002	0.0025986521415828075
9500000	2.9762096000000002	0.0026171659094137295	2.9762107	0.0026133168454925125
9510000	2.9760481	0.0025524873323057953	2.9760653	0.0025392939813900866
9520000	2.9761046	0.002576306696842628	2.9761149999999996	0.002597630205145192
9530000	2.9762685	0.0025393436191299625	2.9762733	0.00254387665157303
9540000	2.9761476000000004	0.0025301968571903905	2.9761433999999998	0.0025012902456318237
9550000	2.9761978	0.002603657848910674	2.9761954999999998	0.0026247664942141303
9560000	2.9761216	0.002586322196189494	2.9761052	0.0025819293792277345
9570000	2.9761748000000003	0.002620303599003553	2.9761891	0.0026215269583953534
9580000	2.9761072	0.002558780083460777	2.9761073000000002	0.002543490919200626
9590000	2.9763189000000003	0.002618000518853403	2.9763237	0.0025978215849028195
9600000	2.9762286000000002	0.002571091704422959	2.9762082	0.002557794963454864
9610000	2.9761559	0.0026056889309364665	2.9761582000000004	0.0025965043028261265
9620000	2.9761345999999995	0.00249761103875301	2.9761564000000003	0.002498191345753963
9630000	2.9761205	0.0025122302941910086	2.9761039	0.002519929529735871
9640000	2.976196	0.002614360128000515	2.976218	0.0025909745558668016
9650000	2.9761817	0.0025358560045230546	2.9761855	0.002521364120278349
9660000	2.9760039	0.0024866721392914526	2.9760185999999997	0.0024909674744883607
9670000	2.9760438000000002	0.0026336662198839416	2.9760411	0.0026232617658732173
9680000	2.9762977999999998	0.0025031222065214436	2.9762917	0.002517267913383026
9690000	2.9759906000000003	0.002551827475254436	2.9759995	0.0025651607746493736
9700000	2.9762672999999995	0.0026816211145129732	2.9762856	0.0026872577088909756
9710000	2.976037	0.002705019062433412	2.9760361999999994	0.002684290404366665
9720000	2.9760917	0.0026744894847435794	2.9760963999999994	0.0026656693029767993
9730000	2.9760598	0.0025025960415030854	2.9760746	0.0025112788298716163
9740000	2.9762796	0.002676259741917094	2.9762748	0.002670883482778413
9750000	2.9761778999999997	0.0025726484622097348	2.9761698	0.0025877140924422436
9760000	2.9762266	0.0024955400538080176	2.9762261	0.0025152127315766115
9770000	2.9762743	0.002663731400681186	2.9762726	0.0026509728208521646
9780000	2.9760202	0.0026766614422590812	2.9760289999999996	0.002652088341773812
9790000	2.9760317	0.0026224840385658216	2.9760159999999996	0.002603844082122431
9800000	2.9761507000000003	0.0025387131729627446	2.9761481	0.002559071166504605
9810000	2.9761458000000003	0.0025073470340479668	2.9761494	0.002516424453869422
9820000	2.9761382	0.002591435180801607	2.9761489	0.0025793005993062475
9830000	2.9759813	0.002605303805301394	2.9759893	0.0026160924007858394
9840000	2.976098	0.0026186854552453383	2.9761066	0.002600592147861622
9850000	2.9760671000000003	0.002556263302571174	2.976085	0.0025468493165951983
9860000	2.9760735	0.00254173723625755	2.9760834	0.0025363275414262585
9870000	2.9761531999999997	0.002560575385788571	2.9761564	0.002541936364364862
9880000	2.9762046	0.0026007889078014305	2.9761905	0.0026214827716240833
9890000	2.9760418	0.002591873949591409	2.9760293	0.00260904937642978
9900000	2.9761952000000003	0.002616559447699078	2.9761857999999997	0.002627036292037034
9910000	2.9762448	0.0026020498887653204	2.9762478	0.002611661527827807
9920000	2.9762089	0.0025911435341977435	2.9761840999999998	0.002561260870596203
9930000	2.9761083	0.0025415547624654112	2.9760927	0.002512825302523228
9940000	2.9759801	0.0026486164613169576	2.9759734	0.0026626306619661
9950000	2.9760077000000003	0.002638702988868481	2.9759961999999995	0.0026295170506995982
9960000	2.9759836	0.0027202703745971483	2.9759807	0.0027037580915861927
9970000	2.9761562999999995	0.0025569979563051146	2.9761481999999995	0.0025733244565656235
9980000	2.9760864000000002	0.0026223141634006317	2.9760864000000002	0.002653178168611071
9990000	2.9760086	0.0025861427211532908	2.9760340000000003	0.002581923765398647
10000000	2.9762637	0.002501201375003284	2.976279	0.002490602758791956
